formula,ref_energy_eV,min_final_log_eV,delta_eV
Ag20Cs12O16,-3.6637884775797525,-3.606297,0.05749147757975237
Al2O12Sc6,-8.66498031616211,-8.66498,3.161621098257683e-07
Al4Mo6N12,-8.967240073464133,-8.751402,0.2158380734641323
Al4O10Rb8,-5.4209653680974785,-5.420933,3.2368097478752134e-05
Al4O16Rb20,-4.4572502136230465,-4.457262,-1.178637695353757e-05
As2Bi6O14,-5.923968922008168,-5.918492,0.0054769220081682946
As2Ca4N6,-6.221173604329427,-6.221173,6.043294265012378e-07
As2Li14N8,-4.761809666951497,-4.76181,-3.3304850255433394e-07
As3FeO9,-6.122812711275541,-6.076847,0.04596571127554139
As3O9Sc,-6.6110698993389425,-6.587479,0.023590899338942428
As4Hf4O18,-7.979456974909856,-7.973244,0.0062129749098556175
As4Li16N12,-5.075290679931641,-5.064384,0.010906679931640184
As4O18Sn4,-6.0989239032451925,-6.043312,0.05561190324519227
Au4Hg2O8,-3.9852842603410994,-3.925999,0.05928526034109938
Au6F14O2,-3.383252577348189,-3.350889,0.032363577348188954
Au8O16Pd4,-4.683119637625558,-4.550801,0.1323186376255583
Ba10N10P2,-5.829845081676137,-5.789228,0.04061708167613709
Ba12N4Te6,-4.603469155051491,-4.5401,0.06336915505149143
Ba2O14Se4,-5.538162612915039,-5.543666,-0.005503387084960565
Ba2O8Rb12,-3.7030823447487573,-3.706108,-0.0030256552512426538
Ba2O8Sn6,-5.922867298126221,-5.890455,0.032412298126220485
Ba4Be4O8,-6.536376953125,-6.548423,-0.01204604687499966
Ba4Ge10N16,-6.577861531575521,-6.525022,0.052839531575521015
Ba4O10Se2,-5.904830455780029,-5.907352,-0.0025215442199710836
Ba4O20Pb8,-5.638674736022949,-5.656743,-0.018068263977050414
Ba4O6Tl4,-5.030942099434989,-5.010482,0.020460099434989054
Ba6O14Pb4,-5.846319834391276,-5.846314,5.8343912767711e-06
Ba8Fe4O14,-6.314598083496094,-6.336157,-0.02155891650390629
Ba8N12P4,-6.529755274454753,-6.577943,-0.04818772554524742
Ba8O14W2,-6.713265101114909,-6.71461,-0.0013448988850912613
Be4K12O10,-4.639013143686148,-4.645059,-0.006045856313852127
Be4Li8O8,-5.702667236328125,-5.70773,-0.005062763671874748
Be4Na12O10,-4.847385113055889,-4.849126,-0.0017408869441108976
Be6O10Rb8,-5.2879892985026045,-5.287996,-6.701497395233957e-06
Be8Cs8O12,-5.50951167515346,-5.523501,-0.013989324846540363
Bi2O18Sb6,-6.008431067833533,-5.958351,0.050080067833532915
Bi2O18Ta6,-9.028861412635216,-9.019662,0.00919941263521551
Bi4O14Pb4,-5.5682830810546875,-5.519777,0.04850608105468712
Bi4O14Pd4,-5.621165882457387,-5.580657,0.040508882457386264
Br12Mn8O2,-5.130503567782315,-5.200515,-0.0700114322176848
Br16Co12O4,-3.9207756519317627,-4.053027,-0.13225134806823746
Br16Fe12O4,-4.525123596191406,-4.636134,-0.11101040380859395
Br4O28Ta12,-9.176884044300426,-9.113272,0.06361204430042555
Br8K12O2,-3.2208515514026987,-3.220849,2.551402698891536e-06
Br8OTa2,-4.992879694158381,-4.992778,0.00010169415838046092
Br8O2S2,-2.113255818684896,-2.881477,-0.7682211813151039
Br8O8Sn12,-4.683448246547154,-4.689419,-0.005970753452846367
C6La4O18,-8.11137935093471,-8.134513,-0.02313364906529003
C6O18Y4,-8.315287453787667,-8.32387,-0.008582546212332787
Ca10N10Ta2,-6.875871138139204,-6.8952,-0.019328861860795854
CaCd4O5,-4.464273071289062,-4.464275,-1.9287109376264766e-06
CaCd6O7,-4.319801330566406,-4.319801,3.305664062480673e-07
Ca2Mo8N12,-9.21521689675071,-9.20411,0.01110689675071086
Ca2O14S4,-6.296430587768555,-6.296465,-3.441223144573513e-05
Ca6O8Pd,-6.28549550374349,-6.2855,-4.496256510222452e-06
Ca6O8Pt,-6.374992879231771,-6.374981,1.1879231770706156e-05
Ca8O18Sb4,-6.423342895507813,-6.412324,0.011018895507812765
Cd2Ga8O14,-5.7126890818278,-5.712694,-4.91817220016344e-06
Cd2O14Se4,-4.938027191162109,-4.938874,-0.000846808837891011
Cd4Cs16O12,-3.465820550918579,-3.465869,-4.844908142098703e-05
Cd4O10Se2,-4.658496856689453,-4.626963,0.03153385668945319
Cd4O12Rb16,-3.5080552101135254,-3.517776,-0.009720789886474623
Cd6O7Sr,-4.261908394949777,-4.261918,-9.605050222738498e-06
Cd8Nb4O18,-6.3319452921549475,-6.312311,0.019634292154947275
Cl12La6N2,-5.716764831542969,-5.702926,0.013838831542969388
Cl12Mn8O2,-5.572506297718395,-5.529014,0.04349229771839447
Cl16Co12O4,-4.2789082527160645,-4.339325,-0.0604167472839352
Cl16Fe12O4,-4.765794277191162,-4.97365,-0.20785572280883802
Cl28N4Nb8,-5.322903442382812,-5.320766,0.002137442382812438
Cl4O28Ta12,-9.255095048384232,-9.232339,0.02275604838423284
Cl8OTa2,-5.49736196344549,-5.497433,-7.103655450979574e-05
Cl8O8Sn12,-4.842058454241071,-4.844506,-0.002447545758928804
Co2O14S4,-6.067054367065429,-6.067445,-0.000390632934570867
Co2O14Se4,-5.3367973327636715,-5.316051,0.02074633276367166
Co4Cs12O12,-4.4159554072788785,-4.471787,-0.05583159272112148
Co4Cs16O12,-4.042905807495117,-4.045508,-0.0026021925048826944
Co4Cs8O10,-4.708471818403765,-4.713665,-0.0051931815962351635
Co4O12Rb12,-4.4906736101422995,-4.509605,-0.018931389857700154
Co4O12Rb16,-4.09848165512085,-4.10006,-0.0015783448791504284
Co4O12Se2,-5.5787709554036455,-5.562096,0.016674955403645164
Co6La2O12,-6.570930480957031,-6.57093,4.809570315345013e-07
Co6Mo4O18,-6.687505449567523,-6.642771,0.044734449567522816
Co8O16Sr4,-6.0642193385532925,-6.053328,0.01089133855329294
CrGa3O6,-6.519602203369141,-6.484195,0.03540720336914127
Cr2HfO8,-7.653916792436079,-7.65392,-3.20756392113708e-06
Cr2Mg6N8,-6.70052433013916,-6.700523,1.3301391605935464e-06
Cr2N8Zn6,-5.96939754486084,-5.969398,-4.551391601381738e-07
Cr2O8Zr,-7.470550537109375,-7.470546,4.537109375313264e-06
Cr3O8Se,-6.842070897420247,-6.860704,-0.018633102579753036
Cr4Cs4O14,-6.210576837713068,-6.203429,0.007147837713068483
Cr4La8N12,-8.536872863769531,-8.547543,-0.010670136230467975
Cr4Mo6N12,-9.619008844549006,-9.68683,-0.06782115545099465
Cr4N12W6,-10.213265852494674,-10.221393,-0.00812714750532706
Cr4O16Re2,-7.569184736772017,-7.573551,-0.004366263227983502
Cr4O20Ti4,-7.6584897722516745,-7.649562,0.008927772251674071
Cr8Ge4O20,-7.40517520904541,-7.373804,0.03137120904541035
Cr8O20Te4,-6.992469310760498,-6.970232,0.02223731076049784
Cs12O10Pb4,-4.06115957406851,-4.043067,0.01809257406851028
CsNPt,-5.209554672241211,-5.209561,-6.327758788948756e-06
Cs20Ga4O16,-4.075946044921875,-4.074928,0.001018044921875294
Cs20O16Tl4,-3.7065807342529298,-3.70347,0.0031107342529299586
Cs2N2Pd,-4.74383773803711,-4.664121,0.07971673803710999
Cs2Nb6O16,-8.426857630411783,-8.426859,-1.3695882170594587e-06
Cs2O3Rb4,-3.203833474053277,-3.185143,0.01869047405327695
Cs4Ge8O18,-6.0424138387044275,-6.037953,0.004460838704427594
Cs4Hf8O18,-8.88001708984375,-8.866444,0.013573089843751163
Cs4Nb2O7,-6.735220689039964,-6.735534,-0.00031331096003661685
Cs4O14Pd6,-5.033823013305664,-4.916678,0.11714501330566396
Cs4O20W6,-6.890717569986979,-6.901012,-0.010294430013020772
Cs4O3Rb2,-3.1993306477864585,-3.198705,0.0006256477864585719
Cs5O3Rb,-3.1993081834581165,-3.199584,-0.00027581654188368887
Cs8Ga4O10,-4.741731817072088,-4.740345,0.00138681707208832
Cs8In4O10,-4.446828321977095,-4.438139,0.008689321977095155
CuO4Pd3,-5.426665306091309,-5.426665,3.060913087438166e-07
Cu2N4Re2,-8.27758502960205,-8.092922,0.18466302960205105
Cu3O4Pd,-5.222996711730957,-5.22029,0.0027067117309567124
Cu3O4Pt,-5.311065673828125,-5.31383,-0.0027643261718752754
F20O8Tl12,-4.095489120483398,-4.082011,0.01347812048339847
F24La12N4,-7.067633056640625,-7.086079,-0.01844594335937444
F8O2Tl4,-4.009581429617746,-4.014577,-0.0049955703822543995
F8O2Y4,-7.646451132638114,-7.608055,0.03839613263811348
Fe12I16O4,-4.242004871368408,-4.349838,-0.10783312863159189
Fe2O14S4,-6.211653518676758,-6.208011,0.003642518676757689
Fe4La8N12,-8.190462748209635,-8.199324,-0.008861251790365898
Fe4O12Rb16,-4.249049186706543,-4.249069,-1.981329345746019e-05
Fe6Nb4O16,-7.949557377741887,-7.935232,0.014325377741887024
Ga4O10Rb8,-4.798305164683949,-4.788217,0.010088164683948797
Ga8Mn2O14,-6.36210823059082,-6.324777,0.03733123059082022
Ge10N16Sr4,-6.582095336914063,-6.530831,0.051264336914062625
Ge2O14V4,-7.157920837402344,-7.130371,0.027549837402343513
HfO8Se2,-6.48057070645419,-6.482513,-0.001942293545809548
Hf2N8Sr8,-6.531956566704644,-6.531986,-2.9433295355651978e-05
Hf2O10Sc4,-9.486754417419434,-9.439847,0.04690741741943327
Hf4K2N6,-8.972870508829752,-9.06489,-0.0920194911702481
Hf4N12P4,-9.130442810058593,-9.115078,0.015364810058592582
Hf4O20S4,-7.839994158063616,-7.840939,-0.0009448419363833338
Hf4O20Se4,-7.2782794407435825,-7.283434,-0.005154559256417279
Hg2O14Se4,-4.66559066772461,-4.661421,0.004169667724609916
Hg2O8Pt3,-4.935495816744291,-4.935493,2.8167442911453122e-06
Hg4O14S4,-4.970210682262074,-4.886391,0.08381968226207448
I8OTa2,-4.473949085582387,-4.474458,-0.0005089144176135818
I8O2Rb12,-2.9029532345858486,-2.899426,0.003527234585848582
In4O16Rb20,-3.986623001098633,-3.986036,0.0005870010986330776
IrO4Pd,-6.204437891642253,-6.204439,-1.1083577469150896e-06
IrO8Os3,-7.716748555501302,-7.716758,-9.444498697774861e-06
IrO8Ru3,-7.301113764444987,-7.301337,-0.0002232355550129128
Ir2O12Os4,-7.647489759657118,-7.641787,0.005702759657117973
Ir2O12Ru4,-7.273403591579861,-7.272753,0.0006505915798609152
Ir3MnO8,-7.069959004720052,-7.072375,-0.002415995279948291
Ir3O8Ru,-7.126228332519531,-7.126365,-0.00013666748046858856
Ir3O8Sr2,-6.796203026404748,-6.796207,-3.973595251949291e-06
Ir4O12Os2,-7.351721021864149,-7.35171,1.1021864149363125e-05
Ir8O24Pd4,-6.497952779134114,-6.493891,0.004061779134114651
K10La2O8,-4.705655670166015,-4.705667,-1.1329833984774496e-05
K10Nb2O10,-5.525718342174184,-5.517828,0.007890342174183829
K2N2Pd,-4.825721740722656,-4.34242,0.4833017407226565
K2N6Ti4,-8.15172259012858,-8.160333,-0.008610409871419478
K2N6Zr4,-8.365111033121744,-8.447297,-0.08218596687825652
K4O14Pd6,-5.108743985493978,-5.10921,-0.00046601450602246075
K4O14Pt6,-5.429246266682942,-5.386781,0.04246526668294237
La2O8Rb10,-4.570077896118164,-4.570108,-3.0103881836218704e-05
La4O14Pd4,-6.824739629572088,-6.70047,0.12426962957208776
Li10Mn2N8,-5.715473937988281,-5.715472,1.9379882809644755e-06
Li16N12Nb4,-6.176024913787842,-6.117949,0.05807591378784149
Li16N12V4,-6.048396110534668,-6.034513,0.013883110534668397
Li4Mo8N12,-8.705795288085938,-8.664089,0.041706288085936905
Li4O20Tl12,-4.641359117296007,-4.608954,0.03240511729600737
Li5N3Sn,-4.665795644124349,-4.665823,-2.7355875650947326e-05
Mg2O14Se4,-5.35774040222168,-5.333535,0.02420540222167933
Mn2Mo4O14,-7.283747863769531,-7.28371,3.7863769531298885e-05
Mn2O14S4,-6.472218322753906,-6.469495,0.0027233227539058547
Mn2O14Se4,-5.7314300537109375,-5.711639,0.01979105371093759
Mn4O14Rb12,-5.097123718261718,-5.097972,-0.0008482817382819974
Mn4OS3,-6.843343257904053,-6.860675,-0.0173317420959469
Mn4O24Ru8,-7.302775065104167,-7.27181,0.030965065104166634
Mn6Mo4O18,-7.504471915108817,-7.504451,2.0915108816410566e-05
Mn8O18Sb4,-7.099479675292969,-7.061685,0.03779467529296898
MoN6W3,-10.361318969726563,-10.29381,0.06750896972656228
Mo2Na4O6,-5.824077606201172,-5.762253,0.061824606201171584
Mo3N6W,-9.899049377441406,-9.82149,0.07755937744140518
Mo4O24Se4,-5.999305725097656,-5.993794,0.005511725097655962
Mo4O28V8,-7.471183776855469,-7.41824,0.052943776855468805
Mo8Ni4O28,-6.642169189453125,-6.642336,-0.00016681054687506247
N10P2Sr10,-5.844405434348366,-5.806129,0.03827643434836592
N12P4Re4,-8.69659881591797,-8.570308,0.12629081591796876
N12P4Sr8,-6.620829264322917,-6.621986,-0.001156735677082743
N12P4Zr4,-8.744390106201172,-8.746046,-0.0016558937988282452
N16Nb8Sr4,-8.777476719447545,-8.799409,-0.021932280552455552
N16Sr4Ta8,-9.479130336216517,-9.510012,-0.030881663783482338
N20Sr20Ta4,-6.573132601651278,-6.551732,0.021400601651277995
N2PdRb2,-4.761649703979492,-4.236536,0.5251137039794918
N3NaZr2,-8.498921712239584,-8.53552,-0.03659828776041607
N4Se12Y12,-7.3086411612374445,-7.294328,0.014313161237444305
N4Se6Sr12,-4.770047968084162,-4.712862,0.057185968084161765
N4Sr12Te6,-4.539920460094105,-4.456322,0.08359846009410532
N4Te2Zr4,-8.741908264160156,-8.74191,-1.7358398451960966e-06
N6Na8P2,-4.834605693817139,-4.818167,0.016438693817138805
N6Rb2Zr4,-8.31466801961263,-8.370505,-0.05583698038736884
N8Rb8Ru4,-5.593590927124024,-5.593807,-0.0002160728759763586
Na4O14Pd6,-5.14842160542806,-5.038568,0.10985360542805989
Na4O14Pt6,-5.4684708913167315,-5.375196,0.09327489131673161
Nb2O11Se2,-6.875053914388021,-6.848548,0.026505914388020635
Nb2O7Rb4,-6.757626460148738,-6.760923,-0.0032965398512621036
Nb6O16Rb2,-8.434192021687826,-8.434189,3.0216878261768443e-06
Ni2O14S4,-5.823506927490234,-5.820009,0.003497927490234254
Ni2O14Se4,-5.084842681884766,-5.06339,0.021452681884765568
Ni2O8Pd3,-5.200885479266827,-5.200889,-3.5207331734454783e-06
Ni4O12Rb16,-3.7178945541381836,-3.717902,-7.445861816446353e-06
O10Rb10V2,-5.017361727627841,-5.032232,-0.014870272372158766
O10Ru2S2,-6.505262102399554,-6.505219,4.310239955351847e-05
O10Se2Ti2,-6.726953778948102,-6.727158,-0.0002042210518977683
O12Os2Ru4,-7.592356363932292,-7.590569,0.001787363932291619
O12Pt2Ru4,-6.8641204833984375,-6.856058,0.008062483398437514
O12Pt2V4,-7.11696031358507,-7.114302,0.002658313585069294
O12Rb16Zn4,-3.683717727661133,-3.683729,-1.1272338867218679e-05
O12Rh2Tl6,-5.13111572265625,-5.131111,4.722656250066848e-06
O14Pb4Rh4,-6.108333934437145,-6.108332,1.9344371446905484e-06
O14Pb6Pd2,-5.435820839621804,-5.379188,0.056632839621803654
O14Pb6Pt2,-5.578887245871804,-5.537769,0.041118245871803794
O14Pd4Tl4,-5.101407484574751,-5.101407,4.845747509918397e-07
O14Pd4Y4,-7.162110762162642,-7.162111,-2.3783735869642442e-07
O14Pd6Rb4,-5.063085556030273,-4.945352,0.11773355603027369
O14Pt6Rb4,-5.384136199951172,-5.348348,0.03578819995117222
O14S4Sr2,-6.262581634521484,-6.273412,-0.010830365478516235
O14Sb2Tl6,-5.0699462890625,-5.0758,-0.0058537109375000895
O16Os4Rb16,-5.101592593722874,-5.108504,-0.006911406277126275
O16Pb4Sn8,-5.932856968470982,-5.854135,0.07872196847098145
O16Sb4Zn6,-5.4083381065955525,-5.372127,0.0362111065955526
O18Sb6Tl2,-5.734305748572717,-5.714401,0.019904748572717068
O18Sb6Y2,-6.66991952749399,-6.590529,0.07939052749398989
O18Tl2V6,-6.922326894906851,-6.880362,0.04196489490685096
O20Rb4Sc12,-8.153538174099392,-8.135979,0.017559174099391228
O20Se4Zr4,-6.978541237967355,-7.001601,-0.023059762032644926
O20Ta4Tl20,-5.774229223077947,-5.775148,-0.0009187769220524444
O24Se6Sn3,-5.3579489968039775,-5.335929,0.02201999680397737
O28Pb4Se8,-5.26531753540039,-5.261254,0.0040635354003901725
O4Rb4Ru,-4.8415111965603295,-4.84147,4.119656032930408e-05
O8OsRu3,-7.541482289632161,-7.542374,-0.0008917103678385274
O8Os3Ru,-7.809381484985352,-7.810377,-0.0009955150146483405
O8Pb3Sr2,-5.730286231407752,-5.730284,2.2314077519069997e-06
O8Pd3Sr2,-5.72343034010667,-5.657652,0.06577834010667072
O8Pd3Zn2,-5.101453927847055,-5.101471,-1.70721529446638e-05
O8Pd6Sn,-5.656588236490886,-5.596098,0.06049023649088614
O8PtSe2,-5.198252244429155,-5.215676,-0.017423755570844968
O8Se2Ti,-6.112809614701704,-6.112693,0.00011661470170398758
Ag12K8S10,-3.3872055053710937,-3.366565,0.02064050537109363
Ag12Rb8S10,-3.353002421061198,-3.324009,0.028993421061197733
Ag16Se16Si4,-3.6328362358940973,-3.641968,-0.009131764105902551
AgAl2Cl7,-3.646117401123047,-3.641679,0.004438401123047164
AgF9Pd2,-3.7382920583089194,-3.733829,0.004463058308919354
AgI4In,-2.4020891189575195,-2.402088,1.1189575195302837e-06
AgLi5P2,-3.4910356998443604,-3.475714,0.015321699844360381
AgLi7Te4,-3.3152662913004556,-3.315367,-0.00010070869954459383
Ag2Au4F14,-3.3172012329101563,-3.299887,0.017314232910156324
Ag2Br8In2,-2.7080599466959634,-2.707998,6.194669596348845e-05
Ag2Cl18Mn4,-3.9012584686279297,-3.904051,-0.0027925313720702505
Ag2Cl6Hf,-4.186036851671007,-4.191602,-0.005565148328992464
Ag2Cl6Ir,-3.32425774468316,-3.305978,0.018279744683159738
Ag2Cs6Te4,-2.80745792388916,-2.795455,0.012002923889160133
Ag2F10Mo2,-4.849104745047433,-4.85893,-0.009825254952566809
Ag2F18Pt4,-3.9208246866861978,-3.921759,-0.0009343133138024484
Ag2Rb6Te4,-2.8324851989746094,-2.811584,0.020901198974609514
Ag30K6Se18,-3.18613518608941,-3.147671,0.038464186089409935
Ag30Se18Tl6,-3.1564579716435186,-3.124378,0.0320799716435185
Ag3Na5Te4,-2.9441095987955728,-2.94412,-1.0401204427079591e-05
Ag4Br12K8,-2.959096590677897,-2.959148,-5.1409322102902166e-05
Ag4Br16Tl4,-2.417954126993815,-2.422113,-0.004158873006185004
Ag4Br8Co2,-3.103862762451172,-3.106756,-0.002893237548827976
Ag4Cl12K8,-3.2200749715169272,-3.220098,-2.302848307289551e-05
Ag4Cl28S4,-2.4009518093532987,-2.392247,0.00870480935329887
Ag4Te4Zr,-3.9698893229166665,-3.961448,0.00844132291666666
Ag6La2Se6,-4.201551982334682,-4.179083,0.022468982334681975
Ag6Li2S4,-3.5134429931640625,-3.471838,0.04160499316406252
Ag8F20Rh4,-4.086845397949219,-4.086847,-1.6020507809244577e-06
Ag8Li24Se16,-3.5595267613728843,-3.555663,0.0038637613728842446
Ag8Na4Te6,-2.978547837999132,-2.978557,-9.162000867757314e-06
Ag8P4Se14,-3.6809745201697717,-3.656853,0.02412152016977176
Al12Cs4S20,-4.854285346137153,-4.837187,0.017098346137152554
Al12Cs4Se20,-4.311097039116754,-4.289979,0.021118039116753806
Al12K12P16,-4.211124420166016,-4.166967,0.04415742016601598
Al12K4S20,-4.851783752441406,-4.837933,0.013850752441406655
Al12K4Se20,-4.309721204969618,-4.286007,0.02371420496961818
Al12K4Te20,-3.720701429578993,-3.677931,0.0427704295789928
Al12Na4Se20,-4.29721917046441,-4.260576,0.03664317046440946
Al12Na4Te20,-3.718377855088976,-3.665,0.053377855088975856
Al12Rb4Se20,-4.306329939100477,-4.283741,0.022588939100477212
AlBr6Ir,-3.5118019580841064,-3.512569,-0.000767041915893607
AlBr6Rh,-3.398848056793213,-3.399326,-0.0004779432067869571
Al2Br16Ta2,-3.890824890136719,-3.890508,0.00031689013671876154
Al2Br18Mo2,-3.328856728293679,-3.336164,-0.00730727170632095
Al2Br7Li,-3.3182693481445313,-3.319208,-0.0009386518554688195
Al2C6La6,-6.860618591308594,-6.766433,0.09418559130859361
Al2Cs6Se6,-3.605849947248186,-3.605885,-3.505275181359124e-05
Al2I16Ta2,-3.3244144439697267,-3.321684,0.002730443969726881
Al4Ba6S12,-5.177755876020952,-5.167182,0.010573876020951722
Al4Br10I2,-3.1924889087677,-3.192359,0.00012990876770002657
Al4Br16Mg2,-3.256075772372159,-3.252414,0.0036617723721592554
Al4Cl16Fe2,-4.083370555530895,-4.07285,0.010520555530894704
Al4Cl16Hg2,-3.31085205078125,-3.311193,-0.00034094921874983086
Al4Cl16Mn2,-4.266865123401988,-4.266878,-1.2876598011857254e-05
Al4Cr4S12,-6.041613388061523,-5.998565,0.04304838806152311
Al4Cs6P6,-3.845183849334717,-3.84522,-3.615066528306343e-05
Al4Cs8S10,-4.173903725363991,-4.173914,-1.027463600866696e-05
Al4Cs8Se10,-3.788079695268111,-3.788078,1.6952681107795797e-06
Al4Ga4S12,-4.704811859130859,-4.68593,0.01888185913085927
Al4I16Li4,-2.8363939921061196,-2.84468,-0.008286007893880232
Al4I16Mg2,-2.7158432006835938,-2.712513,0.003330200683593798
Al4K8S10,-4.248564286665483,-4.247708,0.000856286665483097
Al4Na6P6,-4.000840663909912,-4.000855,-1.43360900874967e-05
Al4P12Sr12,-4.633604322160993,-4.633601,3.3221609934130925e-06
Al4P6Rb6,-3.8842153549194336,-3.884207,8.354919433628538e-06
Al4Rb12Se12,-3.628319876534598,-3.632869,-0.0045491234654018164
Al6Cs10S14,-4.2799433390299475,-4.253707,0.026236339029947153
Al6Cs10Se14,-3.8714218139648438,-3.848256,0.02316581396484363
Al6Cs10Te14,-3.4128087361653647,-3.391103,0.02170573616536453
Al6Rb10S14,-4.289185587565104,-4.278844,0.010341587565103616
Al6Rb10Se14,-3.8730555216471356,-3.864785,0.008270521647135709
Al8Br28Tl4,-3.248374176025391,-3.242766,0.005608176025390765
Al8Cl28Tl4,-3.746257019042969,-3.742298,0.003959019042969025
Al8Cs4I28,-2.798533821105957,-2.799479,-0.0009451788940428862
Al8Na16Se20,-3.825521295720881,-3.797027,0.028494295720880913
Al8Pb2S14,-4.965124130249023,-4.952426,0.012698130249023443
Al8S14Sn2,-4.963854789733887,-4.9454,0.01845478973388648
Al8S20Sn8,-4.823954688178168,-4.794309,0.02964568817816815
Al8Se20Sn8,-4.342141469319661,-4.311197,0.030944469319661216
AsBrPb2,-3.830490827560425,-3.830493,-2.172439575343077e-06
AsCl8Fe,-3.382196807861328,-3.388467,-0.0062701921386718595
AsCo3S7,-5.291849309747869,-5.215238,0.0766113097478689
AsIr3S7,-5.8448403098366475,-5.627656,0.2171843098366475
AsIr3Se7,-5.4074835343794385,-5.348976,0.05850753437943812
AsIr3Te7,-5.10857460715554,-5.108575,-3.9284446007314955e-07
AsRh3S7,-5.475026217373935,-5.420005,0.05502121737393484
AsRh3Se7,-5.070925279097124,-5.024876,0.046049279097124085
As2Cl18Ir2,-3.1723591197620737,-3.158235,0.014124119762073839
As2Cl18Pd2,-2.782902804287997,-2.752013,0.030889804287997258
As2Cl18Pt2,-2.912354209206321,-2.891035,0.0213192092063208
As2Cl18Zr2,-3.773343866521662,-3.761378,0.011965866521661983
As2Cl7I3,-2.708118438720703,-2.685113,0.023005438720703264
As2F16Ru2,-4.759101867675781,-4.76296,-0.0038581323242183885
As2La6Se6,-6.197469438825335,-6.197474,-4.56117466463013e-06
As2Na18P4,-2.6407758394877114,-2.639252,0.0015238394877115091
As4Ba12I12,-3.7635062081473216,-3.71307,0.050436208147321526
As4Ba8Se2,-4.298711776733398,-4.211774,0.08693777673339831
As4Ba8Te2,-4.179075513567243,-4.179557,-0.0004814864327569168
As4Br12Sr12,-3.9411122458321706,-3.935748,0.0053642458321707664
As4Br4Hg8,-1.9349112510681152,-1.942424,-0.007512748931884694
As4Br4Pt4,-4.51840337117513,-4.381084,0.1373193711751295
As4Br8F12,-3.6465447743733725,-3.652967,-0.006422225626627309
As4Ca8Se2,-4.3914064679827005,-4.387677,0.003729467982700463
As4Fe4I32,-2.673428535461426,-2.674058,-0.0006294645385742648
As4Hg10I8,-1.7334868691184304,-1.707142,0.02634486911843048
As4I12Sr12,-3.6306825365339006,-3.574502,0.05618053653390076
As4Nb12Te24,-5.821188735961914,-5.821709,-0.0005202640380863599
As4S16Sr6,-4.707851996788611,-4.664929,0.042922996788611556
As4Se2Sr8,-4.194239480154855,-4.129298,0.06494148015485468
As4Se3Te3,-3.9250518798828127,-3.897153,0.02789887988281281
As5Ba8Br,-4.11833735874721,-4.118325,1.2358747210505783e-05
As5Ba8Cl,-4.156925201416016,-4.156979,-5.379858398413262e-05
As5Ba8I,-4.064898082188198,-4.064863,3.508218819803233e-05
As5BrCa8,-4.204214368547712,-4.204202,1.2368547711361089e-05
As5BrSr8,-4.005081994192941,-4.005106,-2.4005807058635753e-05
As5Ca8Cl,-4.249601909092495,-4.249598,3.909092495035793e-06
As5ClSr8,-4.047526768275669,-3.98918,0.05834676827566909
As5ISr8,-3.944838660103934,-3.944821,1.7660103933891946e-05
As6Ca10Cl2,-4.2514525519476996,-4.251453,-4.480523001504366e-07
As6Ca10F2,-4.497809092203776,-4.497809,9.2203776169697e-08
As6F2Sr10,-4.2818603515625,-4.281959,-9.86484374996266e-05
Au2Cl5I,-2.4073843955993652,-2.406639,0.0007453955993650396
Au2Cs2Se4,-3.382493019104004,-3.379013,0.003480019104003862
Au2K2Te4,-3.1792545318603516,-3.181219,-0.0019644681396484565
Au4Ba2Br16,-2.6853403611616655,-2.702819,-0.017478638838334337
Au4Br16Pb2,-2.5055477835915307,-2.528897,-0.02334921640846943
Au4Br24La4,-3.370291233062744,-3.331409,0.0388822330627443
Au4Br32P4,-2.449381446838379,-2.460023,-0.010641553161621076
Au4Ca2Cl16,-2.9836110201748935,-2.987006,-0.0033949798251065033
Au4Cl24La4,-3.775390625,-3.735691,0.039699624999999905
Au4Cl24Y4,-3.893219232559204,-3.866667,0.026552232559204025
Au4Cl4Se4,-3.090261141459147,-3.037341,0.05292014145914692
Au4Co2F16,-3.755559054287997,-3.754404,0.0011550542879970038
Au4Cu2F16,-3.48773193359375,-3.494591,-0.006859066406249781
Au4F16Mn2,-4.137435219504616,-4.124239,0.013196219504616025
Au4F16Pb2,-3.764849229292436,-3.744367,0.02048222929243604
Au4F28Ru4,-4.277330610487196,-4.265443,0.011887610487195666
Au4I18Tl2,-2.0412274996439614,-2.029583,0.011644499643961304
Au4I24La4,-2.9793472290039062,-2.940105,0.03924222900390628
Au4I4Se4,-2.8258536656697593,-2.828874,-0.003020334330240626
Au4La8P12,-6.027402242024739,-5.96863,0.058772242024739185
Au8Br12Cl12,-2.332653284072876,-2.312484,0.020169284072875993
Au8Br12I12,-2.1293132305145264,-2.117949,0.011364230514526508
Au8Br16I8,-2.1523613929748535,-2.12245,0.029911392974853346
Au8Br8I16,-2.097886085510254,-2.071688,0.026198085510253932
Au8Cl12I12,-2.273455858230591,-2.24213,0.031325858230590864
B12I12S12,-4.4308522542317705,-4.429276,0.0015762542317707684
B12I12Se12,-4.029474470350477,-4.02839,0.0010844703504773179
B2F10Ge2,-5.465110778808594,-5.466033,-0.0009222211914066136
B4Ba6Se12,-4.864758578213778,-4.854413,0.01034557821377824
B4Br16Cs4,-3.347771326700846,-3.352387,-0.004615673299153578
B4F36Pb12,-5.2320990929236775,-5.214066,0.018033092923677607
B4Hg6S12,-3.8321040760387075,-3.740596,0.09150807603870748
B8Co4F32,-5.672352183948863,-5.68143,-0.009077816051136445
B8F32Mg4,-5.773402127352628,-5.780522,-0.0071198726473724605
Ba10Br4I16,-3.5713874816894533,-3.547534,0.023853481689453115
Ba12Co4F36,-5.414956899789663,-5.419618,-0.0046611002103365
Ba12In4P12,-4.44147218976702,-4.453731,-0.012258810232980366
Ba12P12Sc4,-5.1790891374860495,-5.184623,-0.005533862513950716
Ba12P16W4,-5.909741401672363,-5.872504,0.03723740167236311
Ba16Hf4P16,-5.439569261338976,-5.43898,0.000589261338975966
BaP2Sr2,-4.261309814453125,-4.16112,0.1001898144531248
Ba2Br12Pd2,-3.0999913215637207,-3.099989,2.321563720819597e-06
Ba2Br16Tl4,-2.767134579745206,-2.773475,-0.006340420254793866
Ba2C2Ir,-6.4462158203125,-6.143631,0.3025848203125001
Ba2Cl12Ir2,-3.9684791564941406,-3.959807,0.008672156494140548
Ba2Cl12Pd2,-3.4656739234924316,-3.458745,0.006928923492431682
Ba2Cl12Re2,-4.530901908874512,-4.526245,0.004656908874511423
Ba2Cl16Fe4,-4.333860917524858,-4.329161,0.004699917524858321
Ba2F10La2,-6.369344438825335,-6.367213,0.0021314388253355077
Ba2F14Nb2,-6.184187995062934,-6.184179,8.995062933614406e-06
Ba2F14P2,-5.3440661960177955,-5.347359,-0.0032928039822044397
Ba2F14V2,-5.485594855414496,-5.496852,-0.011257144585503198
Ba2Fe4I16,-3.4550430991432886,-3.459039,-0.003995900856711643
Ba4Be2P4,-4.547107696533203,-4.54711,-2.3034667968602207e-06
Ba4Ca2P4,-4.389937973022461,-4.36996,0.019977973022460738
Ba4F14Rh2,-5.396443176269531,-5.402724,-0.0062808237304690095
Ba6Sc4Se12,-5.502636649391868,-5.502627,9.649391867760926e-06
Ba8ClP5,-4.344712393624442,-4.344709,3.393624441905274e-06
Ba8Cs4I20,-3.303903102874756,-3.294287,0.009616102874755672
Ba8F32W4,-5.755673495205966,-5.755673,4.952059660112695e-07
Ba8Hf2S12,-5.853762539950284,-5.825093,0.028669539950284317
Ba8Hf2Se12,-5.389751087535512,-5.389751,8.753551128393156e-08
Ba8ISb5,-3.844609941755022,-3.844586,2.3941755022072186e-05
Ba8P4Se2,-4.447262355259487,-4.350748,0.0965143552594867
Ba8P4Te2,-4.318441390991211,-4.226755,0.09168639099121112
Ba8S12Zr2,-5.708777340975675,-5.708774,3.3409756747815322e-06
Ba8Sb4Se2,-4.097378322056362,-4.093936,0.0034423220563617463
Ba8Sb4Te2,-4.003174373081753,-4.00318,-5.626918247791934e-06
Ba8Se12Zr2,-5.257114410400391,-5.257107,7.410400390206462e-06
Ba9Nb6S24,-6.0164857522035255,-6.000905,0.015580752203525172
Be12La4P12,-5.301336015973773,-5.209443,0.09189301597377231
Be2Cs4S4,-3.8329967498779296,-3.872927,-0.03993025012207019
Be2I8K4,-2.824741636003767,-2.822145,0.0025966360037670277
Be2K4Se4,-3.635541534423828,-3.635563,-2.1465576171664225e-05
Be2Na4Se4,-3.6456016540527343,-3.645596,5.654052734449522e-06
Be2Rb4Te4,-3.186677932739258,-3.186657,2.0932739257961686e-05
Be4Br16Cs8,-3.2611026763916016,-3.261264,-0.00016132360839860027
Be4Br16Rb8,-3.2468724931989397,-3.247294,-0.0004215068010604561
Be4NaP3,-4.406203269958496,-4.406215,-1.1730041504343092e-05
Be6Cs4Se8,-3.91922844780816,-3.919227,1.4478081600266535e-06
Be6Cs4Te8,-3.4339815775553384,-3.432379,0.0016025775553383248
Be6K4S8,-4.4488648308648004,-4.448854,1.0830864800581708e-05
Be6K4Se8,-3.984793768988715,-3.984792,1.7689887150673655e-06
Be8Br20Cs4,-3.333176612854004,-3.324504,0.00867261285400378
Be8Br20Rb4,-3.3283982276916504,-3.311909,0.0164892276916504
Be8Br20Tl4,-3.259281635284424,-3.252254,0.007027635284423628
Be8Cl20K4,-3.8275723457336426,-3.801869,0.025703345733642635
Be8Cs4I20,-2.8425774574279785,-2.832545,0.010032457427978425
Be8I20Rb4,-2.834315538406372,-2.818865,0.015450538406371894
Bi10In2S18,-4.345166015625,-4.305372,0.039794015624999624
Bi10S18Sc2,-4.804673258463541,-4.762053,0.04262025846354156
Bi10S18Y2,-4.8449554443359375,-4.810649,0.03430644433593777
Bi2Br18Y4,-4.161452929178874,-4.126946,0.03450692917887377
Bi2F12Y2,-5.9843549728393555,-5.984362,-7.027160644490493e-06
Bi2F14Hf2,-6.223196665445964,-6.221792,0.0014046654459640706
Bi2F14Zr2,-5.9807891845703125,-5.971253,0.009536184570312578
Bi4Br18Y2,-3.5646626154581704,-3.529666,0.03499661545817023
Bi4Cl20Cs8,-3.41599178314209,-3.417116,-0.0011242168579101985
Bi4Cl24Ga4,-3.3048758506774902,-3.285646,0.01922985067749039
Bi4F28Ge4,-4.853356255425347,-4.848132,0.005224255425347657
Bi4F28Ir4,-4.773583730061849,-4.770367,0.0032167300618484163
Bi4F28Mn4,-5.006048414442274,-4.994802,0.011246414442274144
Bi4F28Pd4,-4.242281595865886,-4.232785,0.009496595865885915
Bi4F28Pt4,-4.397829691569011,-4.397836,-6.308430989143687e-06
Bi4F28Re4,-5.4751637776692705,-5.475213,-4.9222330729570274e-05
Bi4F28Ru4,-4.967208014594184,-4.95816,0.009048014594183584
Bi4F28Sn4,-4.815272861056858,-4.807815,0.007457861056858306
Bi4F28W4,-5.276376088460286,-5.275917,0.0004590884602864165
Bi4Rb12Te12,-3.111346108572824,-3.111342,4.108572823735557e-06
Bi5LiS8,-4.34911618913923,-4.333132,0.015984189139230054
Bi5NaS8,-4.29917962210519,-4.296996,0.002183622105190075
Bi8Cs4Te14,-3.5069492046649637,-3.493496,0.013453204664963803
Bi8Rb4Te14,-3.5075724675105167,-3.474917,0.03265546751051662
Br10C2Y6,-5.682127210828993,-5.68265,-0.0005227891710068988
Br10I6Sn4,-2.648769569396973,-2.649415,-0.0006454306030270196
Br12Ca12P4,-4.141202654157366,-4.128762,0.012440654157366282
Br12Ca2Cs8,-3.2877540588378906,-3.287718,3.605883789070674e-05
Br12Ca2Rb8,-3.2891956676136362,-3.289205,-9.332386363691825e-06
Br12Cd12Sb4,-2.266648292541504,-2.262329,0.004319292541504094
Br12Cd2Mn2,-3.1566286087036133,-3.156286,0.0003426087036131342
Br12Cd2Os2,-3.1669225692749023,-3.166547,0.00037556927490234315
Br12Cd2Pd2,-2.4632887840270996,-2.462747,0.000541784027099812
Br12Cd2Pt2,-2.6249256134033203,-2.624693,0.00023261340332014768
Br12Cd2Ru2,-2.9920597076416016,-2.992449,-0.0003892923583985741
Br12Cl4Sn4,-2.904272270202637,-2.90474,-0.00046772979736298126
Br12Cl4Ti4,-4.249246597290039,-4.249772,-0.0005254027099610425
Br12Cs8Sr2,-3.272131486372514,-3.272161,-2.9513627485933114e-05
Br12Fe2Ga2,-3.3221335411071777,-3.325794,-0.0036604588928224047
Br12Hf2Mn2,-4.8172783851623535,-4.817491,-0.00021261483764689615
Br12Hg2Pt2,-2.3873605728149414,-2.38681,0.000550572814941308
Br12Mn2Zr2,-4.622744560241699,-4.623146,-0.000401439758300981
Br12P4S4,-3.215210723876953,-3.221929,-0.0067182761230468735
Br12P4Sr12,-4.039968763078962,-4.022085,0.01788376307896211
Br12Pt2Sr2,-3.1737475395202637,-3.187279,-0.013531460479736523
Br12Rb8Sn2,-3.1282307017933237,-3.128233,-2.2982066760768305e-06
Br14Cl2Sn4,-2.8526590347290037,-2.852888,-0.00022896527099636188
Br14Cl2Ti4,-4.184087753295898,-4.18426,-0.00017224670410165288
Br14F6Ta4,-5.037720998128255,-5.021786,0.015934998128255273
Br14I2Sn4,-2.750980186462402,-2.750782,0.0001981864624021057
Br14Mn2,-2.8648886680603027,-2.886406,-0.021517331939697293
Br16Ca4K8,-3.442826952253069,-3.44283,-3.0477469308287652e-06
Br16Cl2Y6,-4.816366831461589,-4.773004,0.04336283146158859
Br16Co4Na8,-3.3643248421805247,-3.364312,1.2842180524774705e-05
Br16Co4Tl8,-3.277246747698103,-3.283142,-0.005895252301896914
Br16Cr2Fe2,-3.5841552734375,-3.589503,-0.005347726562499933
Br16F4Nb4,-4.401856104532878,-4.384729,0.0171271045328778
Br16Fe2Nb2,-3.8863243103027343,-3.88736,-0.0010356896972658625
Br16Fe2Ta2,-4.102448272705078,-4.101447,0.0010012727050776604
Br16Fe2W2,-3.9376365661621096,-3.93552,0.0021165661621096454
Br16Fe4Pb2,-3.703428095037287,-3.697832,0.0055960950372870855
Br16Fe4Sn2,-3.6905257485129614,-3.688425,0.002100748512961381
Br16Fe4Sr2,-3.838491266424006,-3.847711,-0.009219733575994038
Br16Ga2Nb2,-3.4879966735839845,-3.487024,0.0009726735839845624
Br16Ga2Ta2,-3.702938461303711,-3.702038,0.0009004613037109088
Br16Hg4Na8,-2.459608350481306,-2.45967,-6.164951869402913e-05
Br16I4P4,-2.55159060160319,-2.548201,0.0033896016031897958
Br16In2V2,-3.2349178314208986,-3.249122,-0.014204168579101228
Br16K4Y4,-4.231649398803711,-4.222665,0.008984398803710825
Br16Mn4Na8,-3.8728675842285156,-3.872882,-1.4415771484532769e-05
Br16Na4Tl4,-2.5618921915690103,-2.564841,-0.002948808430989658
Br16Pb2Tl4,-2.567785783247514,-2.560025,0.007760783247514169
Br16Rb4Y4,-4.220733006795247,-4.209049,0.011684006795246837
Br16Si2Ti2,-3.671673583984375,-3.671505,0.00016858398437502586
Br18Cl2P4,-2.65555206934611,-2.653694,0.0018580693461096587
Br18Co4Cs6,-3.244706290108817,-3.2447,6.290108816919826e-06
Br18Co4Rb6,-3.237044198172433,-3.218571,0.018473198172433314
Br18Cr2Ru2,-3.415688254616477,-3.423633,-0.007944745383523077
Br18Cr4K6,-3.881908961704799,-3.872392,0.009516961704798987
Br18Cr4Rb6,-3.8825792585100447,-3.872089,0.010490258510044814
Br18Cs2Pd4,-2.666419506072998,-2.627968,0.038451506072997965
Br18Cs2Zr4,-4.234050432840983,-4.240412,-0.006361567159016701
Br18Cs6In4,-2.939751216343471,-2.940263,-0.0005117836565289302
Br18Cs6Ir4,-3.4734903063092912,-3.473563,-7.2693690708725e-05
Br18Cs6Rh4,-3.3540842873709544,-3.354065,1.928737095457933e-05
Br18Cs6Ru4,-3.547527313232422,-3.547539,-1.1686767578122925e-05
Br18Fe2Mo2,-3.525543906471946,-3.532141,-0.006597093528054376
Br18Fe2Ru2,-3.2099564292214136,-3.221485,-0.011528570778586378
Br18Fe4Tl2,-3.3388598759969077,-3.32544,0.013419875996907749
Br18Ga2S2,-2.3404677997935903,-2.341086,-0.0006182002064094583
Br18Hf2Nb2,-4.289335077459162,-4.286911,0.002424077459162177
Br18Hf2P2,-3.579711220481179,-3.579769,-5.7779518821021725e-05
Br18Hf2Ta2,-4.488262523304332,-4.481619,0.006643523304331822
Br18Hf2V2,-4.102576515891335,-4.103954,-0.0013774841086648948
Br18Hf4K2,-4.481387456258138,-4.488077,-0.006689543741861925
Br18Ir4Rb6,-3.462823050362723,-3.462824,-9.49637276814741e-07
Br18K2Pd4,-2.664584159851074,-2.629403,0.035181159851074284
Br18K2Zr4,-4.222486178080241,-4.224841,-0.002354821919758443
Br18Mg3Pt3,-2.9393835067749023,-2.937241,0.002142506774902131
Br18Mo2V2,-3.7936051108620386,-3.792627,0.0009781108620385837
Br18Os2V2,-3.6352969082919033,-3.629417,0.005879908291903213
Br18P2Pt2,-2.676356228915128,-2.673241,0.0031152289151279433
Br18P2W4,-4.303511301676433,-4.307949,-0.0044376983235672185
Br18P2Zr2,-3.4358638416637075,-3.435059,0.000804841663707645
Br18Pd4Rb2,-2.6628530820210776,-2.643929,0.01892408202107765
Br18Rb6Rh4,-3.343044008527483,-3.343036,8.00852748295e-06
Br18Rb6Ru4,-3.535885674612863,-3.535888,-2.3253871370698675e-06
Br18Re2V2,-3.8222462047230112,-3.816231,0.006015204723011092
Br18Ru2V2,-3.495425484397195,-3.495382,4.348439719459307e-05
Br18Ru3Sn3,-3.4027894337972007,-3.370892,0.03189743379720067
Br18S2Tl2,-2.130173769864169,-2.134314,-0.004140230135830869
Br18Ta2Zr2,-4.349741849032315,-4.344083,0.005658849032315061
Br18Tl2Zr4,-4.17616589864095,-4.17664,-0.0004741013590496834
Br18V2Zr2,-3.959769509055398,-3.961044,-0.0012744909446018582
BrCa8P5,-4.444442476545062,-4.444428,1.4476545061370416e-05
BrCl5Ga2,-3.1743974685668945,-3.169742,0.004655468566894694
BrCl5Tl2,-2.5849609375,-2.54999,0.0349709374999998
BrCl5W,-4.192039489746094,-4.191933,0.00010648974609406281
BrCl5Y2,-5.195622444152832,-5.19766,-0.0020375558471679156
BrCl7Pt2,-3.0367794036865234,-2.984655,0.05212440368652338
BrCl7Zr2,-4.899574279785156,-4.899566,8.279785156162234e-06
BrI7Pt4,-3.212702433268229,-3.175084,0.037618433268229
BrI9Nb2,-3.437415440877279,-3.438428,-0.001012559122721246
BrP5Sr8,-4.215853554861886,-4.215846,7.554861886305275e-06
BrPb2Sb,-3.647510051727295,-3.647505,5.0517272947026015e-06
Br20Cs8Y4,-3.954667806625366,-3.954853,-0.00018519337463374086
Br20La4Tl8,-3.7082488536834717,-3.704662,0.00358685368347178
Br20Li4Mo4,-3.8045218331473216,-3.791341,0.013180833147321547
Br24In6Tl6,-2.8208134969075522,-2.806076,0.014737496907552217
Br27Cl3Nb6,-3.973147922092014,-3.980948,-0.007800077907986314
Br27Cl3Ta6,-4.339232974582249,-4.339908,-0.0006750254177516624
Br28Cs4Ga8,-2.9340423583984374,-2.933583,0.0004593583984373595
Br2Ca10Sb6,-3.884120093451606,-3.884121,-9.06548394130624e-07
Br2Cl14Si4,-3.7379493713378906,-3.737734,0.0002153713378905131
Br2Cl14Sn4,-3.1625463485717775,-3.163179,-0.0006326514282224416
Br2Cl14Ti4,-4.576975631713867,-4.578105,-0.0011293682861328591
Br2Cl6W2,-4.781810760498047,-4.781137,0.0006737604980466827
Br2Cl8P2,-2.949042002360026,-2.900917,0.048125002360025704
Br2F12Mn2,-4.180848121643066,-4.139856,0.040992121643066426
Br2F2Ru,-4.2446037292480465,-4.244798,-0.0001942707519537734
Br2I14Si4,-2.749264717102051,-2.750159,-0.000894282897949239
Br2I14Ti4,-3.627256393432617,-3.627769,-0.0005126065673826119
Br2I18P4,-2.30965264638265,-2.314975,-0.005322353617350117
Br2I6Pt4,-3.2286504109700522,-3.2057,0.022950410970052015
Br2Sb6Sr10,-3.753589630126953,-3.753588,1.6301269529783724e-06
Br32Fe4P4,-3.1202693939208985,-3.129809,-0.009539606079101315
Br36Sb4W12,-4.977496807391827,-4.952035,0.02546180739182624
Br3Cl27Ta6,-4.8007354736328125,-4.800402,0.00033347363281244213
Br3Cl3Ga2,-3.031907796859741,-3.031974,-6.620314025873597e-05
Br3Cl3Y2,-5.022247791290283,-5.020385,0.0018627912902831056
Br3Cl5Sn4,-3.4322401682535806,-3.440821,-0.008580831746419548
Br3Cl5W2,-4.714923858642578,-4.717901,-0.0029771413574222194
Br3Cl5Zr2,-4.763494491577148,-4.765712,-0.0022175084228512887
Br3Cl7Nb2,-4.293070475260417,-4.297175,-0.004104524739583226
Br3I5Pd4,-3.0538355509440103,-3.037326,0.016509550944010076
Br3I5Pt4,-3.244633356730143,-3.217855,0.02677835673014295
Br3MnTe2,-3.8300708134969077,-3.830161,-9.018650309222664e-05
Br4CaNa2,-3.388887677873884,-3.388879,8.67787388392216e-06
Br4Cl2Co2,-3.483044147491455,-3.481774,0.0012701474914549316
Br4Co2I2,-3.246354341506958,-3.242078,0.0042763415069582145
Br4F2La2,-5.28850793838501,-5.289513,-0.0010050616149905878
Br4F4Pd2,-3.1707571029663084,-3.172511,-0.0017538970336916648
Br4K3Tl,-3.074807643890381,-3.074819,-1.1356109619331534e-05
Br4La4Se4,-5.398156483968099,-5.398151,5.483968098296543e-06
Br4Pd2Te2,-3.2766757011413574,-3.191923,0.08475270114135736
Br4Pd4S2,-3.927104187011719,-3.919466,0.007638187011719033
Br5ClGa2,-2.890702724456787,-2.886811,0.0038917244567873155
Br5ClMo,-3.444372994559152,-3.440598,0.0037749945591518674
Br5ClS,-2.0925561359950473,-2.088441,0.004115135995047314
Br5Cl3Hf2,-4.941942596435547,-4.94127,0.0006725964355469571
Br5IS,-2.045404706682478,-2.045438,-3.329331752199849e-05
Br5I3Pd4,-3.092637379964193,-3.087946,0.004691379964192777
Br6CaPd,-3.0195703506469727,-3.021077,-0.0015066493530273561
Br6CaPt,-3.181307315826416,-3.18123,7.731582641623547e-05
Br6CaZr,-4.2042555809021,-4.205479,-0.001223419097900802
Br6Cl10Ti4,-4.4458061218261715,-4.446478,-0.0006718781738284108
Br6Cl2Hf2,-4.871321105957032,-4.871864,-0.0005428940429688112
Br6CoIr,-3.5331668853759766,-3.534672,-0.0015051146240234736
Br6CuIr,-3.108400821685791,-3.108366,3.4821685790831225e-05
Br6CuOs,-3.359297752380371,-3.359327,-2.9247619628858246e-05
Br6CuPd,-2.6323485374450684,-2.632677,-0.00032846255493179655
Br6GeHf,-4.1803975105285645,-4.181841,-0.0014434894714359103
Br6GeZr,-3.9871675968170166,-3.989174,-0.002006403182983618
Br6HfPb,-4.197347640991211,-4.199382,-0.0020343590087890107
Br6HfSn,-4.182897567749023,-4.18292,-2.2432250976756052e-05
Br6HfSr,-4.38871955871582,-4.385746,0.002973558715820168
Br6HgOs,-2.9400618076324463,-2.941155,-0.0010931923675538968
Br6HgPd,-2.223949909210205,-2.224556,-0.0006060907897951218
Br6I10Sn4,-2.546793556213379,-2.548112,-0.0013184437866211596
Br6I10Ti4,-3.7668861389160155,-3.767796,-0.0009098610839846089
Br6I14P4,-2.378133773803711,-2.385012,-0.006878226196289194
Br6IrNi,-3.375302791595459,-3.375976,-0.0006732084045411035
Br6IrPb,-3.304274082183838,-3.30271,0.001564082183838078
Br6IrPd,-3.2666144371032715,-3.267771,-0.001156562896728719
Br6IrTl,-3.0509793758392334,-2.954201,0.09677837583923354
Br6MgPd,-2.77980375289917,-2.779794,9.752899170045737e-06
Br6MnOs,-4.1764044761657715,-4.179925,-0.003520523834228406
Br6MoPb,-3.7268216609954834,-3.676893,0.04992866099548321
Br6MoRu,-4.195013046264648,-4.195007,6.0462646480630156e-06
Br6NiPd,-2.8856453895568848,-2.88642,-0.0007746104431154421
Br6PbPd,-2.8277504444122314,-2.827661,8.944441223146526e-05
Br6PbPt,-2.985213041305542,-2.981249,0.003964041305541954
Br6PbRu,-3.368496894836426,-3.36981,-0.0013131051635744129
Br6PbZr,-4.003129005432129,-4.005253,-0.002123994567870824
Br6PdZn,-2.491189956665039,-2.491542,-0.00035204333496086093
Br6PtRu,-3.420959234237671,-3.42157,-0.0006107657623291018
Br6RhTl,-2.916868209838867,-2.803925,0.11294320983886719
Br6SnZr,-3.9905760288238525,-3.991635,-0.0010589711761475051
Br6SrZr,-4.193421363830566,-4.152278,0.04114336383056649
Br7Ca2Cs3,-3.471433639526367,-3.471436,-2.360473633000737e-06
Br7ClHf2,-4.799246215820313,-4.798425,0.000821215820312915
Br7ClZr2,-4.492107772827149,-4.492108,-2.271728511971105e-07
Br7FFe4,-4.077342669169108,-4.371872,-0.2945293308308914
Br7FMn4,-4.862481435139974,-4.880042,-0.017560564860026773
Br7Fe2Li,-3.733636474609375,-3.741427,-0.007790525390624747
Br7Fe2Na,-3.6863250732421875,-3.689859,-0.003533926757812722
Br7IPd4,-3.134852091471354,-3.13332,0.0015320914713541356
Br7IPt2,-2.7418792724609373,-2.711523,0.030356272460937195
Br7IPt4,-3.315601030985514,-3.301921,0.013680030985514069
Br7La2Rb,-4.2200569152832035,-4.204521,0.01553591528320375
Br8CaRb6,-3.2301205952962238,-3.230096,2.4595296223672847e-05
Br8Cl8Hf4,-5.013888549804688,-5.015953,-0.0020644501953119843
Br8Co3K2,-3.584138430081881,-3.58221,0.0019284300818811495
Br8Co3Rb2,-3.5749285771296573,-3.57485,7.857712965719799e-05
Br8Co3Tl2,-3.507931635929988,-3.508562,-0.0006303640700120461
Br8F12Sb4,-3.7121604283650718,-3.691486,0.02067442836507194
Br8GaP,-2.729051971435547,-2.731629,-0.0025770285644530766
Br8Ga2Hg2,-2.3695170084635415,-2.349148,0.020369008463541505
Br8GeNa6,-3.0925745646158855,-3.092567,7.564615885691239e-06
Br8HfZr,-4.5758106231689455,-4.575799,1.1623168945540385e-05
Br8InNa5,-2.9745145525251115,-2.967536,0.006978552525111592
Br8K2Sr3,-3.6006255516639123,-3.594516,0.006109551663912249
Br8K6Sn,-3.164312235514323,-3.164312,2.3551432315471743e-07
Br8Li2Tl2,-2.650155544281006,-2.658012,-0.00785645571899396
Br8MnPt,-3.2176849365234377,-3.218481,-0.0007960634765624697
Br8Na5Sc,-3.4847090584891185,-3.484712,-2.9415108815378233e-06
Br8Na5Tl,-2.8445963178362166,-2.840082,0.004514317836216364
Br8Na5Y,-3.5439491271972656,-3.543973,-2.387280273419279e-05
Br8Na6Sn,-3.0887903849283855,-3.071733,0.01705738492838549
Br8Rb6Sn,-3.1149752298990885,-3.114957,1.8229899088506585e-05
Br8Rb6Sr,-3.224879201253255,-3.21338,0.011499201253255098
Br8Se12Si8,-4.09821047101702,-4.098687,-0.0004765289829800068
Br9Cl9W3,-4.005692254929316,-4.006647,-0.0009547450706843819
C2Cl10La6,-5.645193311903212,-5.61559,0.029603311903211527
C2Fe2Sr,-7.473328399658203,-7.473327,1.3996582026720716e-06
C2I10Y6,-5.263239118787977,-5.263239,1.187879776765044e-07
C2Nb8Te16,-6.197979266826923,-6.065521,0.13245826682692297
C2RuSr2,-6.237874603271484,-6.237871,3.603271483854087e-06
C2TaY,-9.677519798278809,-9.563665,0.11385479827880829
C2Ta8Te16,-6.694943354679988,-6.565428,0.1295153546799881
C2Te16V8,-5.74868657038762,-5.705383,0.04330357038761967
C3Ca2Mn2,-7.225183759416852,-7.225184,-2.405831471818942e-07
C4Cd2La4,-6.098756408691406,-5.924812,0.1739444086914057
C4Hg2La4,-6.047064971923828,-6.072724,-0.025659028076171708
C6Ga2Y6,-7.5626983642578125,-7.536871,0.025827364257812846
C6Mo2Ti4,-9.616620381673178,-9.61662,3.816731783956584e-07
C8Ca8Os4,-6.818559265136718,-6.818557,2.2651367181936166e-06
C8Mn4Y8,-8.439064025878906,-8.439063,1.0258789053807504e-06
C8Ru4Y8,-8.457771301269531,-8.457772,-6.987304690397877e-07
Ca12Ga4P12,-4.620459420340402,-4.620462,-2.5796595979343806e-06
Ca12P12Sc4,-5.302880423409598,-5.302899,-1.8576590401941928e-05
CaCl8K6,-3.614410400390625,-3.61439,2.040039062478627e-05
CaCl8Rb6,-3.551727040608724,-3.551722,5.0406087241938735e-06
CaF8Hg3,-3.5402584075927734,-3.540285,-2.659240722646672e-05
CaI4Na2,-2.9641195024762834,-2.9641,1.9502476283239645e-05
CaI8K6,-2.915326944986979,-2.915313,1.3944986979375074e-05
CaI8Na6,-2.819557698567708,-2.800632,0.018925698567708427
CaI8Rb6,-2.8726275126139322,-2.858217,0.014410512613932447
Ca2Cl12Rb8,-3.6266219399192114,-3.626624,-2.0600807886239636e-06
Ca2Cl16Fe4,-4.276259682395241,-4.277963,-0.001703317604758503
Ca2Cs12S8,-3.370229894464666,-3.370232,-2.1055353340848626e-06
Ca2Cs12Se8,-3.171234824440696,-3.171238,-3.1755593039584085e-06
Ca2Cs12Te8,-2.949982383034446,-2.949986,-3.6169655541762324e-06
Ca2Cs8I12,-2.9242855418812144,-2.905228,0.019057541881214224
Ca2F12Ni4,-4.828828599717882,-4.828833,-4.400282118233179e-06
Ca2Fe4I16,-3.4028507579456675,-3.401635,0.0012157579456673062
Ca2I12Rb8,-2.913787148215554,-2.905377,0.00841014821555408
Ca2Rb12S8,-3.4246576482599433,-3.424656,1.6482599431988376e-06
Ca2Rb12Se8,-3.215030323375355,-3.215017,1.332337535497885e-05
Ca2Rb12Te8,-2.977956598455256,-2.977957,-4.0154474412190666e-07
Ca3Cl8Tl2,-3.9486911480243387,-3.930682,0.018009148024338728
Ca6HfS8,-5.713427734375,-5.713427,7.343749999222382e-07
Ca6S8Zr,-5.606168111165364,-5.606168,1.1116536402511201e-07
Ca8ClP5,-4.494834899902344,-4.494828,6.899902343704412e-06
Ca8ISb5,-3.8200552804129466,-3.820066,-1.0719587053564794e-05
Ca8P4S2,-4.700133187430246,-4.70013,3.1874302459655723e-06
Ca8P4Se2,-4.586029597691128,-4.58603,-4.023088724380841e-07
Ca8P4Te2,-4.41236822945731,-4.416361,-0.003992770542690316
Ca8Sb4Te2,-3.9832115173339844,-3.980091,0.0031205173339845516
Cd12Cl12Sb4,-2.4873259408133372,-2.467159,0.020166940813337142
Cd12Na16S20,-3.267452875773112,-3.228501,0.038951875773111766
CdI4Mn,-3.2322209676106772,-3.229713,0.0025079676106773974
Cd2Cl12Cs8,-3.163814891468395,-3.156089,0.007725891468394863
Cd2Cl12Ir2,-3.2968673706054688,-3.298167,-0.0012996293945310988
Cd2Cl12Mn2,-3.5648908615112305,-3.566032,-0.0011411384887693998
Cd2Cl12Re2,-3.8499979972839355,-3.850456,-0.00045800271606433185
Cd2Cl12Ru2,-3.3718438148498535,-3.372453,-0.0006091851501466294
Cd2Cs12S8,-3.0643171830610796,-3.064315,2.183061079463755e-06
Cd2Cs12Se8,-2.88214128667658,-2.882142,-7.133234198875016e-07
Cd2Cs12Te8,-2.6816801591352983,-2.681673,7.159135298362429e-06
Cd2K12S8,-3.2405326149680396,-3.240532,6.149680396028145e-07
Cd2K12Se8,-3.033303000710227,-3.033308,-4.9992897728223795e-06
Cd2MnSe3,-4.128208160400391,-4.128221,-1.2839599609293373e-05
Cd2P2Rb2,-2.757159868876139,-2.75716,-1.3112386065827764e-07
Cd2Rb12S8,-3.1242020346901636,-3.124211,-8.965309836295177e-06
Cd2Rb12Se8,-2.9298248291015625,-2.929821,3.829101562491388e-06
Cd2Rb12Te8,-2.7150483564897017,-2.715057,-8.643510298167456e-06
Cd3Cs2I8,-2.2102015568659854,-2.190736,0.01946555686598561
Cd3MnS4,-4.173650741577148,-4.174374,-0.0007232584228518135
Cd3MnSe4,-3.8053064346313477,-3.805606,-0.00029956536865238803
Cd4I16Na8,-2.36896242414202,-2.368979,-1.657585797998351e-05
Cd8K8Se12,-2.9773829323904857,-2.955622,0.02176093239048571
Cl10Cs6Fe2,-3.845005883110894,-3.845141,-0.00013511688910572417
Cl12Cs8Sn2,-3.4224118319424717,-3.422523,-0.00011116805752831027
Cl12Cs8Sr2,-3.5923954356800425,-3.592396,-5.64319957430115e-07
Cl12Hg2Rb8,-2.982411124489524,-2.982386,2.51244895239644e-05
Cl12Ir2Ni2,-3.7097830772399902,-3.737357,-0.027573922760009584
Cl12Ir2Pd2,-3.5782582759857178,-3.5896,-0.011341724014282129
Cl12Ir2Tl2,-3.411461353302002,-3.411887,-0.000425646697998161
Cl12K8Mg2,-3.4892487959428267,-3.489299,-5.020405717326426e-05
Cl12La8S6,-5.6587360088641825,-5.631541,0.027195008864182135
Cl12Nb4Te4,-4.778716659545898,-4.766074,0.012642659545898383
Cl12Pb2Pd2,-3.1438446044921875,-3.163364,-0.019519395507812565
Cl12Pd2Sr2,-3.3847498893737793,-3.400012,-0.015262110626220515
Cl12Pd3Pt3,-3.530525631374783,-3.429074,0.10145163137478308
Cl12Pd4Pt2,-3.49910396999783,-3.449031,0.05007296999782973
Cl12Ru2Tl2,-3.478172540664673,-3.478297,-0.0001244593353271206
Cl14F6Ta4,-5.44875971476237,-5.445671,0.0030887147623701594
Cl14Hg4Rb6,-2.6745198567708335,-2.670951,0.0035688567708334062
Cl14I2Sn4,-3.1145349502563477,-3.114365,0.00016995025634791716
Cl14Mn2,-3.128829002380371,-3.208094,-0.07926499761962891
Cl16Cr2Fe2,-4.014588928222656,-4.023315,-0.008726071777344302
Cl16Cu2Fe4,-3.9295779141512783,-3.931025,-0.0014470858487216631
Cl16Fe2Ga4,-3.6636588356711646,-3.661284,0.002374835671164366
Cl16Fe2Ru2,-3.779638671875,-3.776642,0.0029966718750000787
Cl16Fe2Sb2,-3.4186798095703126,-3.417588,0.0010918095703127406
Cl16Fe2Ta2,-4.610560607910156,-4.608628,0.0019326079101560367
Cl16Fe2V2,-4.127329635620117,-4.135709,-0.008379364379883292
Cl16Fe4Sn2,-4.088817596435547,-4.087251,0.0015665964355466855
Cl16Fe4Sr2,-4.278288407759233,-4.278359,-7.059224076666482e-05
Cl16Ga2Ta2,-4.218453979492187,-4.217484,0.0009699794921873561
Cl16Ga4Mg2,-3.362456581809304,-3.359974,0.002482581809304385
Cl16Si2Ti2,-4.226566314697266,-4.226424,0.0001423146972658884
Cl16Tl4Y4,-4.593438148498535,-4.577493,0.015945148498535566
Cl18Co4K6,-3.621406010219029,-3.605512,0.01589401021902903
Cl18Co4Rb6,-3.610589163643973,-3.59984,0.010749163643973159
Cl18Cr2Rh4,-4.19621467590332,-4.192038,0.0041766759033201595
Cl18Cr4K6,-4.308028357369559,-4.299043,0.008985357369558855
Cl18Cr4Rh2,-4.553055763244629,-4.54896,0.004095763244628792
Cl18Cs2Hf4,-5.034218470255534,-5.038294,-0.004075529744465456
Cl18Cs2Mn4,-4.040044784545898,-4.041153,-0.0011082154541020017
Cl18Cs2Mo4,-4.354260762532552,-4.353759,0.0005017625325516306
Cl18Cs2Pd4,-2.950214703877767,-2.901615,0.04859970387776702
Cl18Cs2Zr4,-4.7487538655598955,-4.753304,-0.004550134440104436
Cl18Cs6Ir4,-3.812896183558873,-3.812905,-8.816441127379449e-06
Cl18Fe2Ir4,-4.134861946105957,-4.127542,0.007319946105956987
Cl18Hf2P2,-4.109265067360618,-4.108871,0.00039406736061842196
Cl18Hf4K2,-5.02620792388916,-5.029867,-0.0036590761108401537
Cl18Hf4Rb2,-5.026384353637695,-5.030475,-0.004090646362304717
Cl18In4Sc2,-3.8098630905151367,-3.743536,0.06632709051513652
Cl18Ir2P2,-3.3455685702237217,-3.345811,-0.00024242977627819684
Cl18Ir2V2,-3.869481173428622,-3.862054,0.00742717342862198
Cl18K2Mn4,-3.987945238749186,-4.03613,-0.048184761250813946
Cl18K2Pd4,-2.949132283528646,-2.909991,0.039141283528645765
Cl18K6Rh4,-3.6869283403669084,-3.673806,0.013122340366908514
Cl18Mn2P2,-3.551333340731534,-3.544713,0.006620340731534391
Cl18Mn2Ru2,-3.769807295365767,-3.774902,-0.005094704634232894
Cl18Mn3Ru3,-4.435586929321289,-4.42565,0.009936929321288979
Cl18Mn4Na2,-3.9954439798990884,-4.007202,-0.011758020100911981
Cl18Mn4Rb2,-4.03342882792155,-4.031363,0.0020658279215499675
Cl18Na2Pd4,-2.8986425399780273,-2.908133,-0.009490460021972513
Cl18Ni3Pd3,-3.198787053426107,-3.136642,0.06214505342610677
Cl18Ni3Ru3,-3.809251149495443,-3.792762,0.016489149495442668
Cl18P2Pd2,-2.9622681357643823,-2.956362,0.00590613576438237
Cl18P2Pt2,-3.08847358010032,-3.091382,-0.002908419899680048
Cl18P2Ru2,-3.411810441450639,-3.413211,-0.0014005585493608308
Cl18P2Zr2,-3.952166123823686,-3.950066,0.002100123823685962
Cl18Pd4Rb2,-2.9469470977783203,-2.92892,0.018027097778320123
Cl18Pt2V2,-3.596224004572088,-3.595399,0.0008250045720878951
Cl18Rb2Zr4,-4.740352630615234,-4.745687,-0.005334369384765836
Cl18Rb6Rh4,-3.679755619594029,-3.679771,-1.5380405971043842e-05
Cl18Rb6Ru4,-3.9060420989990234,-3.906043,-9.010009764942595e-07
Cl18Rb6Sc4,-4.397795540945871,-4.399581,-0.0017854590541297455
Cl18Re2V2,-4.311973571777344,-4.313611,-0.001637428222656112
Cl18Ru2S2,-3.0418826016512783,-3.039871,0.0020116016512781165
Cl18Ru2Se2,-3.048916903409091,-3.04545,0.003466903409090616
Cl18Ru2Te2,-3.1343421936035156,-3.13479,-0.00044780639648456244
Cl18Ru2V2,-3.9404279535466973,-3.941018,-0.0005900464533028504
Cl18Ru4Tl6,-3.784463337489537,-3.77923,0.0052333374895368046
Cl18Sc4Tl6,-4.256239754813058,-4.263693,-0.007453245186941793
ClF5Te,-3.8063752310616628,-3.808147,-0.0017717689383371926
ClI5Mo,-3.079297201974051,-3.070601,0.008696201974051299
ClI5Se,-1.9256094523838587,-1.917209,0.00840045238385878
ClP5Sr8,-4.262429373604911,-4.262453,-2.3626395089237917e-05
Cl20Cs4Zn8,-2.99232816696167,-2.976668,0.01566016696166983
Cl20Cs8In4,-3.321125030517578,-3.325801,-0.00467596948242166
Cl20I4S4,-2.301711218697684,-2.290141,0.01157021869768382
Cl20Li4Mo4,-4.259614399501255,-4.259641,-2.6600498745033008e-05
Cl20Li4Pd4,-3.093072073800223,-3.070682,0.022390073800222954
Cl20Li4W4,-4.567583356584821,-4.565003,0.002580356584821253
Cl20Rb8Sc4,-4.271666526794434,-4.271657,9.526794433334373e-06
Cl20Tl4Zn8,-2.9024267196655273,-2.890373,0.012053719665527485
Cl28Cs4La8,-4.726742553710937,-4.718826,0.007916553710937357
Cl28Fe8K4,-4.126066589355469,-4.12722,-0.0011534106445312275
Cl28Ga8Rb4,-3.3438133239746093,-3.342445,0.0013683239746091758
Cl28La8Tl4,-4.651842498779297,-4.635355,0.01648749877929756
Cl28S4Tl4,-2.5524164835611978,-2.538545,0.013871483561197717
Cl2FIn,-3.6479663848876953,-3.64475,0.003216384887695156
Cl2F2Pd,-3.2721702575683596,-3.272216,-4.5742431640238834e-05
Cl2F2Ru,-4.435197067260742,-4.435258,-6.0932739257779645e-05
Cl2I14Ti4,-3.69197998046875,-3.692021,-4.1019531249908425e-05
Cl2I18P4,-2.3570658365885415,-2.364852,-0.0077861634114584355
Cl32P4Tl4,-2.9052150726318358,-2.913818,-0.00860292736816426
Cl3F18Mn3,-4.052804946899414,-4.054701,-0.001896053100585604
Cl4Co2I2,-3.508892297744751,-3.500725,0.00816729774475089
Cl4F2La2,-5.622950553894043,-5.621387,0.001563553894042613
Cl4I4Pd4,-3.209754308064779,-3.176267,0.03348730806477862
Cl4La12Te16,-5.408568382263184,-5.366996,0.04157238226318327
Cl4Pd2Se2,-3.503512382507324,-3.495795,0.007717382507324011
Cl4Pd2Te2,-3.49782133102417,-3.492242,0.0055793310241698535
Cl4Pt2Te2,-3.6962625980377197,-3.714596,-0.01833340196228006
Cl6F2Mn4,-5.412085851033528,-5.386986,0.025099851033528076
Cl6Fe2Pb,-4.351303948296441,-4.370069,-0.01876505170355891
Cl6GaIr,-3.6619930267333984,-3.661708,0.0002850267333984746
Cl6HgIr,-3.041409492492676,-3.039871,0.0015384924926755694
Cl6I2Mo2,-4.256167221069336,-4.263929,-0.00776177893066432
Cl6IrMg,-3.653282642364502,-3.653136,0.0001466423645020143
Cl6MgMn,-3.941988468170166,-3.940964,0.001024468170165882
Cl6MnNi,-3.9896161556243896,-3.989617,-8.443756103204691e-07
Cl6MnOs,-4.600326061248779,-4.602236,-0.0019099387512211408
Cl6MnPb,-3.955779552459717,-3.892526,0.06325355245971664
Cl6MnPt,-3.9882781505584717,-3.987428,0.0008501505584717073
Cl6MoPb,-4.1676740646362305,-4.129067,0.038607064636230426
Cl6PbZr,-4.481523036956787,-4.453984,0.027539036956786944
Cl6RhTl,-3.2607369422912598,-3.239469,0.02126794229125961
Cl6SrZr,-4.711620330810547,-4.693951,0.01766933081054667
Cl7Co4F,-3.943073272705078,-4.103336,-0.16026272729492153
Cl7FFe4,-4.462239583333333,-4.631923,-0.16968341666666653
Cl7FNi4,-3.205439567565918,-3.272068,-0.06662843243408201
Cl7Fe2Na,-4.094758987426758,-4.089465,0.005293987426758129
Cl7Fe2Tl,-4.06380615234375,-4.063846,-3.984765625020259e-05
Cl7IPt2,-3.0199825286865236,-2.980457,0.0395255286865237
Cl7I3Sb2,-2.724211057027181,-2.703256,0.020955057027181034
Cl8Fe2Hg2,-3.3918965657552085,-3.341333,0.05056356575520837
Cl8Fe2Pd,-4.023775274103338,-4.029046,-0.005270725896662221
Cl8Fe3Ni,-4.5121815999348955,-4.514831,-0.0026494000651045013
Cl8GaP,-3.1803916931152343,-3.189571,-0.009179306884765648
Cl8HfZr,-5.134892272949219,-5.134954,-6.172705078100194e-05
Cl8HgK6,-3.132421620686849,-3.132406,1.5620686848905052e-05
Cl8InNa5,-3.3381601061139787,-3.331006,0.00715410611397882
Cl8InTl5,-3.1529549189976285,-3.145184,0.007770918997628495
Cl8IrNa5,-3.5850761958530972,-3.570644,0.014432195853097074
Cl8IrPd,-3.2378799438476564,-3.237799,8.094384765655604e-05
Cl8K6Sn,-3.4721633911132814,-3.463578,0.008585391113281382
Cl8K6Sr,-3.5990819295247394,-3.586374,0.012707929524739203
Cl8Na5Rh,-3.5170838492257253,-3.503225,0.013858849225725223
Cl8Na5Sc,-3.8787994384765625,-3.872519,0.0062804384765624555
Cl8Pb3Rb2,-3.5652559720552883,-3.567082,-0.0018260279447117611
Cl8PdPt,-2.9387590408325197,-2.890479,0.04828004083251969
CoMnS2,-6.671149253845215,-6.55864,0.11250925384521526
Co2F14Ru2,-4.89865960015191,-4.876032,0.022627600151909455
Co3MnS8,-5.667931874593099,-5.667934,-2.1254069011433785e-06
Co3MnSe4,-5.8702497482299805,-5.818391,0.05185874822998038
Co3PS7,-5.393100044944069,-5.344546,0.04855404494406912
Co4Fe8P12,-7.313507080078125,-7.313077,0.00043008007812517235
Co4Ge2S10,-5.299927711486816,-5.203708,0.09621971148681663
Co4Ge2Se10,-4.844497203826904,-4.707955,0.13654220382690418
Co4Nb4Se16,-5.794789632161458,-5.703468,0.09132163216145806
Co4Pd2Se8,-5.087142399379185,-5.087147,-4.600620814976253e-06
Co4Se10Si2,-4.985588073730469,-4.839713,0.14587507373046904
Co4Se16Ta4,-6.098321278889974,-6.039931,0.0583902788899735
Co4Si2Te10,-4.596841335296631,-4.434574,0.1622673352966313
Co4Ta4Te16,-5.555364608764648,-5.55526,0.00010460876464879476
Co4Te16V4,-5.0721085866292315,-5.069891,0.0022175866292313273
Co8Fe4P12,-7.08381716410319,-7.0826,0.0012171641031901714
Cr12In4Se24,-5.787783813476563,-5.760958,0.0268258134765631
CrI6,-2.8262950352260043,-2.826221,7.403522600446522e-05
Cr2F14Sn2,-5.267401801215278,-5.226311,0.04109080121527775
Cr3LaS6,-6.930992126464844,-6.930986,6.126464843880797e-06
Cr4Cs12S12,-4.490297589983259,-4.499118,-0.008820410016741498
Cr4Cs8S10,-4.9101035378196025,-4.91008,2.353781960273693e-05
Cr4Cs8S16,-4.853690011160714,-4.86951,-0.015819988839285593
Cr4Cs8Se10,-4.53850624778054,-4.527778,0.010728247780540379
Cr4Ga4Te12,-4.682625961303711,-4.682713,-8.703869628856609e-05
Cr4MnSe8,-6.328990642841045,-6.309979,0.019011642841045173
Cr4Rb8S16,-4.863595690046038,-4.863676,-8.030995396168805e-05
Cs10Fe6S14,-4.750863647460937,-4.750723,0.0001406474609373376
Cs10Fe6Se14,-4.395398966471354,-4.385118,0.010280966471353459
Cs12Ga4Te12,-3.069856916155134,-3.069772,8.491615513417372e-05
Cs12Hg2Se8,-2.7581918889825996,-2.758179,1.288898259943494e-05
Cs12Hg2Te8,-2.572107661854137,-2.57208,2.7661854137051023e-05
Cs12Mg2Se8,-3.0388141978870737,-3.038818,-3.802112926276635e-06
Cs12Mg2Te8,-2.812443819912997,-2.812428,1.581991299692831e-05
Cs12Mn2S8,-3.7980187155983667,-3.798023,-4.28440163346977e-06
Cs12Mn2Se8,-3.5896644592285156,-3.589652,1.2459228515560028e-05
Cs12Mn2Te8,-3.3650776256214487,-3.365074,3.6256214488439298e-06
Cs12Mn4S14,-4.46335194905599,-4.463359,-7.050944009989735e-06
Cs12Mo2P8,-3.7969124533913354,-3.796907,5.453391335397129e-06
Cs12Pb2S8,-3.269491369074041,-3.269484,7.36907404119691e-06
Cs12Pb2Se8,-3.094021883877841,-3.094019,2.883877840975657e-06
Cs12Pb2Te8,-2.901928121393377,-2.90191,1.812139337697971e-05
Cs12S12Sc4,-4.497839791434152,-4.509625,-0.01178520856584786
Cs12S14Ti4,-4.697205607096354,-4.697239,-3.3392903645790284e-05
Cs12Se14Ti4,-4.31318359375,-4.313199,-1.540625000018281e-05
Cs14P8Ta2,-3.664940516153971,-3.664967,-2.648384602865761e-05
Cs16Hf4S16,-4.732931349012587,-4.7367,-0.0037686509874133023
Cs16Hf4Te16,-3.9739231533474393,-3.964169,0.009754153347439232
Cs16Pb4S16,-3.553214603000217,-3.553218,-3.396999783245036e-06
Cs16Pb4Se16,-3.298069636027018,-3.298161,-9.13639729818172e-05
Cs16Se16Sn4,-3.4427312215169272,-3.442712,1.9221516927014903e-05
Cs16Se16Zr4,-4.221175299750434,-4.221197,-2.1700249566158902e-05
Cs16Sn4Te16,-3.1300843556722007,-3.119788,0.010296355672200885
Cs16Te16Ti4,-3.700762006971571,-3.695273,0.005489006971571175
CsF7Tl2,-3.9345325469970702,-3.93109,0.0034425469970700284
Cs2F18Pb4,-4.199606895446777,-4.191328,0.008278895446776957
Cs4F14Nb2,-5.577332305908203,-5.577309,2.3305908203319348e-05
Cs4F14Sb2,-4.52069320678711,-4.522422,-0.0017287932128899897
Cs4F14Ta2,-5.892676544189453,-5.892583,9.354418945317633e-05
Cs4F20Ge4,-4.775908333914621,-4.774875,0.0010333339146209042
Cs4F20Mn4,-4.9897564479282925,-4.989798,-4.1552071707862126e-05
Cs4F20Mo4,-5.166659763881138,-5.16761,-0.0009502361188618025
Cs4F20Pb4,-4.256341661725726,-4.264475,-0.008133338274274315
Cs4F20Pd4,-4.01221684047154,-4.0123,-8.315952845983077e-05
Cs4F20Pt4,-4.19645745413644,-4.196459,-1.5458635598264436e-06
Cs4F20Sn4,-4.698583330426898,-4.703945,-0.005361669573102468
Cs4F20Zr4,-6.185405731201172,-6.199962,-0.01455626879882832
Cs4Ga12Se20,-3.842726813422309,-3.832375,0.010351813422309064
Cs4Ga12Te20,-3.376002629597982,-3.335645,0.04035762959798195
Cs4S20Y12,-6.55474853515625,-6.544895,0.009853535156249649
Cs4Sc12Se20,-5.838077969021267,-5.833238,0.004839969021267265
Cs4Sc12Te20,-5.2147399054633246,-5.189175,0.025564905463324905
Cs4Se20Y12,-6.045775519476996,-6.034756,0.011019519476996642
Cs4Te20Y12,-5.4348500569661455,-5.403547,0.03130305696614588
Cs6F14Os2,-4.797700361772017,-4.800065,-0.0023646382279833844
Cs6F14Re2,-5.0855723294344815,-5.090557,-0.004984670565518989
Cs6F14Ru2,-4.673589186234907,-4.673633,-4.3813765092437507e-05
Cs6F14Sn2,-4.537811626087535,-4.53984,-0.002028373912464687
Cs6F16Ta2,-5.58458137512207,-5.574734,0.009847375122070012
Cs6Ga4P6,-3.52903413772583,-3.551939,-0.02290486227416988
Cs6In4P6,-3.401865005493164,-3.401892,-2.6994506836075516e-05
Cs8F20La4,-5.470644950866699,-5.470651,-6.049133300933818e-06
Cs8F32W4,-4.965429826216265,-4.965442,-1.2173783735747179e-05
Cs8Ga4S10,-3.8491942665793677,-3.849246,-5.1733420632249505e-05
Cs8Hf2Se8,-4.37511232164171,-4.377519,-0.0024066783582901152
Cs8I12Sr2,-2.9171423478560015,-2.917164,-2.165214399862947e-05
Cs8I20La4,-3.3692498207092285,-3.369292,-4.217929077166005e-05
Cs8In4Se10,-3.4280215176669033,-3.425342,0.0026795176669032195
Cs8S10Tl4,-3.4307906410910864,-3.430818,-2.7358908913477364e-05
Cs8S8Zr2,-4.559637705485026,-4.559659,-2.1294514973568823e-05
Cs8Se8Ti2,-4.081514146592882,-4.095979,-0.014464853407117673
Cs8Si8Te20,-3.6589940388997397,-3.64662,0.012374038899739759
CuF6Ge,-4.548173904418945,-4.548152,2.19044189453399e-05
Cu2F12Pb4,-4.642914666069879,-4.642911,3.6660698787827073e-06
Cu2F8Hg2,-3.4482552210489907,-3.448252,3.221048990642572e-06
F10Li2Mo2,-5.304044451032366,-5.302415,0.0016294510323664468
F10Li2Sn2,-4.817231859479632,-4.817277,-4.514052036785898e-05
F10Li2Ti2,-6.029632568359375,-6.03209,-0.002457431640625174
F10Li4Rh2,-4.820043087005615,-4.820041,2.08700561543651e-06
F10Mo2Na2,-5.182584490094866,-5.19237,-0.009785509905134049
F10Na2W2,-5.329691205705915,-5.33425,-0.004558794294085011
F10Na4Tl2,-4.125871658325195,-4.12587,1.6583251953861122e-06
F10Rb4Tl2,-4.076643466949463,-4.081211,-0.0045675330505368095
F12Hg2Rb8,-3.767120361328125,-3.767159,-3.863867187492431e-05
F12Hg8S2,-2.7519959536465732,-2.752206,-0.00021004635342691813
F12Sn4Sr2,-5.174408806694879,-5.165772,0.008636806694878985
F14Fe2Ru2,-5.127592298719618,-5.127559,3.329871961810227e-05
F14Fe2V2,-5.486118740505642,-5.449443,0.036675740505642374
F14Fe4Na6,-4.968884468078613,-4.965655,0.003229468078613351
F14Ir2Ru2,-4.943322923448351,-4.937236,0.00608692344835049
F14K2Mo2,-4.8306935628255205,-4.826293,0.004400562825520815
F14La2Pb2,-5.349791208902995,-5.349826,-3.479109700510463e-05
F14Mn2Sb2,-5.186956617567274,-5.178288,0.008668617567273884
F14Nb2Rb4,-5.588136672973633,-5.588844,-0.0007073270263671105
F14Nb2Sn2,-5.802879757351345,-5.840597,-0.037717242648654725
F14P2Sr2,-5.310022566053602,-5.310043,-2.04339463980574e-05
F14Pb2Y2,-5.480992211235894,-5.480959,3.3211235893837454e-05
F14Pd2Tl2,-3.7242533365885415,-3.728574,-0.004320663411458536
F14Rb2W2,-5.102537367078993,-5.101951,0.0005863670789931774
F14Rh2Ru2,-4.888060675726996,-4.857428,0.030632675726996794
F14Sb2Sn2,-4.7458750406901045,-4.725031,0.020844040690104038
F16I2Tl6,-3.6880245208740234,-3.698926,-0.01090147912597672
F16K6Nb2,-5.385143280029297,-5.385136,7.280029296730106e-06
F16K6Sb2,-4.50328795115153,-4.503282,5.9511515306809315e-06
F16Li8Zn4,-4.481621878487723,-4.473297,0.008324878487723453
F16Na6Nb2,-5.384038925170898,-5.384009,2.9925170898614795e-05
F16Nb2Rb6,-5.343910217285156,-5.343887,2.3217285156640344e-05
F16Rb6Sb2,-4.4629974365234375,-4.462992,5.436523437651886e-06
F16Rb6Ta2,-5.6064408620198565,-5.606449,-8.137980143096968e-06
F16Sn4W2,-5.23572401566939,-5.229713,0.00601101566938933
F18Ga4Rb6,-4.626129695347378,-4.626168,-3.8304652622223045e-05
F18Hf4Rb2,-6.844323476155599,-6.838062,0.0062614761555988
F18Mn4Na2,-5.010296821594238,-5.018756,-0.008459178405761492
F18Mn6Tl2,-5.649112407977764,-5.649521,-0.0004085920222358652
F18Pb4Rb2,-4.194858551025391,-4.189564,0.005294551025390781
F18Pt4Rb2,-4.106617609659831,-4.106769,-0.00015139034016886654
F18Pt4Tl2,-4.041144688924153,-4.027096,0.014048688924153119
FI7Mn4,-4.467959086100261,-4.53457,-0.06661091389973972
FK3Te,-3.382455825805664,-3.382456,-1.7419433584464628e-07
F20Ga4Na8,-4.633296012878418,-4.633296,1.2878418331752073e-08
F20Ge4K4,-4.791111537388393,-4.796471,-0.005359462611607135
F20Ge4Rb4,-4.7781268528529575,-4.779232,-0.0011051471470429064
F20Ge4Tl4,-4.661980220249721,-4.662533,-0.0005527797502784537
F20Hf4Li4,-6.637450626918247,-6.636378,0.001072626918247721
F20K4Mn4,-5.004517146519253,-5.010264,-0.00574685348074766
F20K4Pt4,-4.205424717494419,-4.210203,-0.0047782825055806555
F20K4Ru4,-4.937643868582589,-4.940965,-0.003321131417410861
F20K4Sn4,-4.705865587506976,-4.722181,-0.01631541249302426
F20Li4Zr4,-6.32861328125,-6.316449,0.012164281249999576
F20Mn4Rb4,-4.995394025530134,-4.995405,-1.0974469866198433e-05
F20Mo4Rb4,-5.1644150870186945,-5.175166,-0.010750912981305483
F20Mo4Tl4,-5.044505528041294,-5.061942,-0.0174364719587059
F20Na4Sn4,-4.705092293875558,-4.704176,0.0009162938755578054
F20Na8Rh4,-4.610698699951172,-4.610708,-9.300048827931562e-06
F20Pb4Rb4,-4.250166756766183,-4.264552,-0.014385243233816958
F20Pd4Rb4,-4.013026646205357,-4.013076,-4.93537946431033e-05
F20Pt4Rb4,-4.196401868547712,-4.197834,-0.0014321314522884876
F20Pt4Tl4,-4.088797977992466,-4.087974,0.0008239779924661406
F20Rb4Sn4,-4.693177904401507,-4.70593,-0.01275209559849344
F20Rb4Ti4,-5.936159406389509,-5.936474,-0.0003145936104909097
F20Rb8Rh4,-4.56157112121582,-4.563883,-0.0023118787841793775
F20Rb8Y4,-5.688190460205078,-5.686384,0.0018064602050777978
F20Sn4Tl4,-4.5830503191266745,-4.591982,-0.008931680873325298
F20Ti4Tl4,-5.817109789167132,-5.824778,-0.007668210832868283
F24Hg8Re4,-4.4358630710177955,-4.439426,-0.0035629289822045607
F28Fe4Pb8,-5.052346801757812,-5.052312,3.480175781245265e-05
F28Fe4Sr8,-5.578667068481446,-5.572118,0.006549068481445985
F28Ge4La4,-5.752220153808594,-5.752225,-4.84619140639353e-06
F28Ge4Nb4,-5.824186537000868,-5.79529,0.02889653700086825
F28Ge4Y4,-5.883154127332899,-5.883171,-1.6872667100820138e-05
F28Hg4Nb4,-5.105117373996311,-5.10507,4.7373996310717814e-05
F28Hg4Sb4,-3.978693644205729,-3.978376,0.00031764420572910623
F28Hg4V4,-4.436613294813368,-4.435194,0.0014192948133677774
F28In4Sn4,-4.651355319552952,-4.641474,0.009881319552952128
F28In4W4,-5.131662156846788,-5.137328,-0.005665843153211725
F28Ir4La4,-5.668641832139757,-5.668649,-7.167860243129098e-06
F28Ir4Y4,-5.800369686550564,-5.800444,-7.431344943586993e-05
F28K4Tl8,-3.9504356384277344,-3.951133,-0.0006973615722656312
F28La4Mn4,-5.904789818657769,-5.904798,-8.181342231239341e-06
F28La4Pd4,-5.13396241929796,-5.133972,-9.580702039713174e-06
F28La4Pt4,-5.294802347819011,-5.294802,3.4781901092628686e-07
F28La4Re4,-6.386841244167751,-6.386837,4.244167751465966e-06
F28La4Ru4,-5.853711446126302,-5.853726,-1.4553873698197606e-05
F28La4Ti4,-6.654542711046007,-6.65454,2.711046007242146e-06
F28La4W4,-6.187722947862413,-6.187745,-2.2052137586214826e-05
F28Li4Rh8,-4.78209228515625,-4.754312,0.027780285156250528
F28Mn4Y4,-6.038422054714626,-6.038429,-6.9452853734830455e-06
F28Nb4Tl8,-5.426425933837891,-5.420475,0.005950933837890915
F28Pb8Tl4,-4.476375961303711,-4.455281,0.021094961303711024
F28Pd4Y4,-5.259466807047526,-5.25946,6.8070475265358255e-06
F28Pt4Tl4,-3.8920470343695746,-3.89711,-0.00506296563042552
F28Re4Y4,-6.520384046766493,-6.520387,-2.95323350751886e-06
F28Ru4Y4,-5.988413492838542,-5.988433,-1.9507161457710254e-05
F28Sc4Sn4,-5.6894175211588545,-5.690309,-0.0008914788411455987
F28Ti4Y4,-6.792009565565321,-6.792018,-8.434434678683544e-06
F28W4Y4,-6.328692118326823,-6.328703,-1.0881673176754703e-05
F2P6Sr10,-4.476976606580946,-4.476977,-3.9341905377909825e-07
F32K8Te4,-4.167013688520952,-4.167023,-9.311479048257354e-06
F32Na8W4,-4.940711281516335,-4.967216,-0.026504718483664647
F4I4Ru2,-4.085466766357422,-4.086331,-0.0008642336425781494
F4La2Te,-6.49341310773577,-6.493426,-1.2892264230401906e-05
F4Mn6Se4,-6.124565124511719,-6.178099,-0.05353387548828081
F5LiPb,-4.369984490530832,-4.369983,1.4905308312052057e-06
F5MnNa,-4.9553680419921875,-4.955367,1.0419921876447802e-06
F6GeW,-5.327068328857422,-5.315616,0.011452328857421534
F6MoPb,-5.262962818145752,-5.262961,1.8181457521748712e-06
F6SiSn,-5.397833824157715,-5.397822,1.1824157715167871e-05
F7InLi4,-4.783339500427246,-4.751337,0.03200250042724573
F7Li4Sc,-5.550404866536458,-5.524743,0.025661866536458078
F7MoNa,-4.78884039984809,-4.79571,-0.006869600151909516
F7NaW,-5.072150336371528,-5.080354,-0.008203663628472135
F7Na3W,-4.996492559259588,-4.996447,4.5559259588046075e-05
F7PbRb3,-4.259418834339488,-4.259197,0.0002218343394879696
F7Rb3W,-4.9163523587313565,-4.926754,-0.010401641268643402
F7Tl3Zr,-5.321522105823863,-5.324808,-0.0032858941761366722
F8HgK6,-3.9545331319173176,-3.954531,2.131917317793608e-06
F8Li5Rh,-4.839824131556919,-4.827635,0.012189131556919364
F8Na5Rh,-4.4947509765625,-4.494741,9.976562499680597e-06
F8Na6Ni,-4.33829091389974,-4.338289,1.9138997400247604e-06
F8Ni3Zn,-4.253119150797526,-4.253129,-9.84920247404375e-06
F8PdPt,-3.8172935485839843,-3.817538,-0.00024445141601558973
F9Hf2K,-6.848369598388672,-6.836181,0.012188598388672034
F9KMn2,-5.017031351725261,-5.035807,-0.01877564827473943
F9KPd2,-3.8774236043294272,-3.870469,0.006954604329427294
F9LiPd2,-3.920375188191732,-3.897879,0.022496188191731825
F9NaPd2,-3.871418317159017,-3.871409,9.317159017196985e-06
FeHfI6,-4.041810035705566,-4.060471,-0.018660964294433313
FeI6Zr,-3.874513626098633,-3.876227,-0.0017133739013672766
FeI8V,-3.243429946899414,-3.247808,-0.004378053100586143
FeMn3Se4,-6.5253190994262695,-6.497609,0.027710099426269785
FeS6V2,-6.440871768527561,-6.433043,0.007828768527561536
FeSe6V2,-5.856700897216797,-5.859425,-0.0027241027832030085
Fe2I12,-2.549999237060547,-2.611964,-0.06196476293945308
Fe2I12In2,-2.8754076957702637,-2.876469,-0.0010613042297364927
Fe2I16Nb2,-3.402272033691406,-3.40041,0.0018620336914061397
Fe2I16Ta2,-3.590240478515625,-3.587672,0.002568478515625028
Fe2I7Li,-3.3328067779541017,-3.329376,0.003430777954101849
Fe2I7Na,-3.2806724548339843,-3.279842,0.000830454833984362
Fe4Ge2I16,-3.2908269708806817,-3.289026,0.0018009708806818736
Fe4I16K4,-3.2430547078450522,-3.264618,-0.02156329215494779
Fe4I16Pb2,-3.2968618219549004,-3.296183,0.0006788219549003216
Fe4I16Sn2,-3.292517228560014,-3.293279,-0.0007617714399859032
Fe4I16Sr2,-3.3967840021306817,-3.408371,-0.01158699786931816
Fe4I18Tl2,-2.996220270792643,-2.999483,-0.00326272920735704
Fe4I32P4,-2.7441532135009767,-2.741599,0.002554213500976843
Fe4SSe3,-6.405479907989502,-6.250477,0.1550029079895019
Fe4S3Se,-6.68932580947876,-6.53035,0.15897580947875944
Fe6Rb10S14,-4.765104166666666,-4.760126,0.004978166666666617
Fe8I28K4,-3.308620834350586,-3.319951,-0.011330165649414248
Ga12K12P16,-3.849696731567383,-3.791277,0.05841973156738289
Ga12K4S20,-4.284845564100477,-4.27413,0.010715564100476804
Ga12K4Te20,-3.3723988003200955,-3.351515,0.020883800320095514
Ga12P16Rb12,-3.7859817504882813,-3.75117,0.03481175048828122
Ga12Rb4Se20,-3.8375761244032116,-3.809552,0.02802412440321156
Ga12Te20Tl4,-3.364371405707465,-3.325659,0.03871240570746526
Ga2Hg2I8,-2.004050095876058,-1.968171,0.0358790958760582
Ga2I16Nb2,-2.996490478515625,-2.993788,0.0027024785156251063
Ga2I16Ta2,-3.182988739013672,-3.181855,0.001133739013671864
Ga2I16V2,-2.828143310546875,-2.832543,-0.004399689453124633
Ga2K12P6,-2.950551986694336,-2.957113,-0.006561013305664165
Ga2Na10Te8,-3.018138313293457,-2.998129,0.0200093132934569
Ga4Ir4S12,-5.374981689453125,-5.350102,0.02487968945312513
Ga4K8S10,-3.9249895269220527,-3.924547,0.0004425269220527106
Ga4P12Sr12,-4.460169110979352,-4.460169,1.1097935281867422e-07
Ga4Rh4S12,-5.120869445800781,-5.120875,-5.554199218771316e-06
Ga8Se20Sn8,-4.034476386176215,-4.004625,0.0298513861762153
GeLa6Se7,-6.079138619559152,-6.079139,-3.8044084771371445e-07
GeLa6Te7,-5.540894644601004,-5.540886,8.644601003915398e-06
Ge2Ir4S10,-5.800484657287598,-5.591901,0.20858365728759765
Ge2Ir4Se10,-5.34175968170166,-5.075595,0.2661646817016603
Ge2Ir4Te10,-5.0220794677734375,-4.828763,0.19331646777343714
Ge2Na16P8,-3.197711651141827,-3.160387,0.03732465114182704
Ge2Rh4S10,-5.442689895629883,-5.336143,0.10654689562988295
Ge2Rh4Se10,-5.025646209716797,-4.881308,0.14433820971679712
Ge2Rh4Te10,-4.727777481079102,-4.61958,0.10819748107910154
Ge4Rb16Te16,-3.155567169189453,-3.155591,-2.3830810546687786e-05
HfI6Ru,-4.109003067016602,-4.10901,-6.932983398044712e-06
HfS8Sr6,-5.577964782714844,-5.577963,1.7827148441895702e-06
Hf2I16Zr2,-3.988157272338867,-3.987991,0.0001662723388671239
Hf2I18Ta2,-3.896140358664773,-3.889273,0.006867358664772727
Hf2K16P8,-3.564258282001202,-3.532435,0.0318232820012021
Hf2Na16P8,-3.744039388803335,-3.755194,-0.011154611196664721
Hf2Rb8S8,-4.7461060418023004,-4.762902,-0.016795958197699967
Hf2Rb8Se8,-4.382976531982422,-4.396303,-0.013326468017577753
Hf4I18K2,-3.9059133529663086,-3.914278,-0.00836464703369133
Hf4K16S16,-4.828973558213976,-4.83041,-0.0014364417860237566
Hf4K16Se16,-4.4608154296875,-4.462549,-0.001733570312500099
Hf4Na20P12,-4.218924204508464,-4.218932,-7.79549153584469e-06
Hf4Rb16Te16,-3.977959950764974,-3.970778,0.0071819507649739656
Hf4S5Se3,-7.404951731363933,-7.405759,-0.000807268636067171
Hf4S6Se2,-7.486559549967448,-7.488126,-0.0015664500325520692
Hg12Rb4S14,-2.5704312642415363,-2.558537,0.0118942642415365
Hg12Rb4Se14,-2.3211034138997397,-2.292665,0.02843841389973978
Hg2K12Te8,-2.687317588112571,-2.687345,-2.7411887429273918e-05
Hg2Mn12Se14,-6.111545017787388,-5.994955,0.11659001778738798
Hg2Ni4Se6,-3.9830621083577475,-3.983059,3.1083577476387347e-06
Hg2Pt4S6,-4.466508229573567,-4.442614,0.02389422957356757
Hg2Rb12Te8,-2.6037784923206675,-2.603779,-5.076793323510742e-07
Hg3I8K2,-1.8569576556865985,-1.844695,0.012262655686598567
Hg3I8Rb2,-1.8552090571476862,-1.83789,0.017319057147686223
Hg6P4Se16,-3.1709019587590146,-3.169702,0.0011999587590145744
I10Pb2Sn3,-2.895064036051432,-2.864641,0.03042303605143193
I12P4Sr12,-3.7215159279959544,-3.666542,0.05497392799595424
I12Pb2Rb8,-2.804160724986683,-2.80417,-9.275013316933922e-06
I12Rb8Sn2,-2.794370651245117,-2.794369,1.6512451170846987e-06
I16In2Nb2,-2.96356315612793,-2.959205,0.004358156127930002
I16In4Tl4,-2.4616684913635254,-2.464333,-0.002664508636474494
I16Mn4Na8,-3.4816883632114957,-3.48171,-2.1636788504419968e-05
I18Mn4V2,-3.8326848347981772,-3.818848,0.013836834798177211
I18Rb6Sc4,-3.4679625374930247,-3.465245,0.0027175374930248353
I18Ta2Zr2,-3.772905869917436,-3.773994,-0.0010881300825640317
IPb2Sb,-3.522768974304199,-3.532966,-0.010197025695800832
ISb5Sr8,-3.6790368216378346,-3.679039,-2.1783621653170826e-06
I20La4Tl8,-3.278590202331543,-3.278559,3.12023315429677e-05
I32In4P4,-2.3035232543945314,-2.309461,-0.0059377456054687805
I4Mn4Te12,-4.116268157958984,-4.136146,-0.019877842041015725
I6IrRh,-3.3839399814605713,-3.385262,-0.0013220185394287043
I6MgPt,-2.5875895023345947,-2.588965,-0.0013754976654052342
I6MnNi,-3.226775884628296,-3.226745,3.0884628295702043e-05
I6NiRu,-3.1294891834259033,-3.130477,-0.0009878165740966338
I6PbZr,-3.5088987350463867,-3.508899,-2.6495361327150135e-07
I6PtRu,-3.1889002323150635,-3.18988,-0.0009797676849365722
I8K2Zn3,-2.289035356961764,-2.274038,0.014997356961763852
I8K6Pb,-2.837859598795573,-2.819946,0.017913598795573193
I8K6Sn,-2.8286425272623696,-2.818091,0.010551527262369742
I8K6Sr,-2.9123189290364584,-2.912331,-1.2070963541610524e-05
I8Na6Pb,-2.7370361328125,-2.732005,0.005031132812499894
I8Na6Sn,-2.7302586873372396,-2.730246,1.2687337239469798e-05
I8PbTl6,-2.6872314453125,-2.680496,0.006735445312499699
I8Pb3Sn,-2.910040537516276,-2.910714,-0.0006734624837241299
I8PdPt3,-3.1448033650716147,-3.115236,0.029567365071614837
I8Pd3Pt,-3.04071839650472,-3.025087,0.01563139650472012
I8Rb2Zn3,-2.2838250673734226,-2.26344,0.020385067373422494
I8Rb6Sr,-2.8730377197265624,-2.873029,8.719726562578245e-06
I8S12Si8,-4.324652808053153,-4.304712,0.01994080805315246
I8Se12Si8,-3.9122826712472096,-3.889016,0.023266671247209825
I8Si8Te12,-3.492657252720424,-3.483677,0.008980252720423909
I8SnTl6,-2.6764854431152343,-2.668918,0.007567443115234163
In12K4Te20,-3.2820491790771484,-3.237203,0.044846179077148385
In12Na4Te20,-3.2639632754855685,-3.224138,0.03982527548556858
In12Rb4Te20,-3.262793223063151,-3.232778,0.030015223063150742
In4Na12Se12,-3.40246091570173,-3.389426,0.01303491570173021
In8P12Rb12,-3.4290599822998047,-3.429068,-8.017700195317445e-06
IrS4Sb,-5.213500022888184,-5.213635,-0.00013497711181642558
IrSbSe4,-4.744086265563965,-4.747568,-0.0034817344360353886
Ir3PS7,-5.961199673739347,-5.72934,0.23185967373934702
Ir3PSe7,-5.494175997647372,-5.424451,0.06972499764737172
Ir3SbSe7,-5.342819907448509,-5.288881,0.05393890744850882
Ir3SbTe7,-5.078160719438032,-5.037932,0.040228719438032634
Ir4Nb4Se16,-6.114286422729492,-6.07612,0.03816642272949178
Ir4Pd2Te8,-5.376836504255023,-5.310825,0.06601150425502222
Ir4S10Si2,-5.9758172035217285,-5.701384,0.2744332035217285
Ir4S10Sn2,-5.709423065185547,-5.614604,0.09481906518554695
Ir4S16Ta4,-6.971925099690755,-6.933341,0.03858409969075449
Ir4Se10Si2,-5.485520362854004,-5.190909,0.29461136285400347
Ir4Se16Ta4,-6.417409261067708,-6.383007,0.03440226106770794
Ir4Se16V4,-5.857228597005208,-5.842321,0.01490759700520794
Ir4Si2Te10,-5.138695240020752,-4.874937,0.2637582400207519
Ir4Te16Ti4,-5.3910980224609375,-5.388788,0.0023100224609375886
Ir4Te16V4,-5.412670771280925,-5.410856,0.0018147712809248873
Ir8S14Se2,-6.043376922607422,-5.940298,0.10307892260742157
K12Mg2S8,-3.4281741055575283,-3.428185,-1.0894442471709453e-05
K12Mg2Se8,-3.1999886252663354,-3.199987,1.6252663352922525e-06
K12Mg2Te8,-2.9389544400301846,-2.938961,-6.559969815356226e-06
K12P8W2,-4.1628549749201,-4.162856,-1.0250799000743882e-06
K12Pb2S8,-3.419919100674716,-3.423584,-0.003664899325284132
K12Pb2Se8,-3.2226056185635654,-3.222656,-5.038143643476545e-05
K12Pb2Te8,-2.9996428056196733,-2.98603,0.013612805619673374
K12S14Si4,-4.229996744791666,-4.233003,-0.0030062552083336413
K12Se14Si4,-3.8163060506184894,-3.813436,0.0028700506184895502
K12Te12Tl4,-2.9304210117885043,-2.925468,0.00495301178850438
K12Te16V4,-3.8767735958099365,-3.876781,-7.404190063287075e-06
K12Te8Zn2,-2.8214295127175073,-2.821419,1.0512717507182856e-05
K14Nb2P8,-3.713685671488444,-3.713687,-1.3285115563199668e-06
K14P8Ta2,-3.8682851791381836,-3.868293,-7.820861816387747e-06
K16Pb4S16,-3.645875718858507,-3.649671,-0.0037952811414929677
K16Pb4Se16,-3.3739085727267795,-3.373946,-3.7427273220647095e-05
K16S16Zr4,-4.651810116238064,-4.654338,-0.002527883761936245
K16Se16Ti4,-4.186020745171441,-4.186047,-2.6254828559224563e-05
K16Se16Zr4,-4.297671847873264,-4.297699,-2.7152126735430215e-05
K16Si4Te16,-3.3195230695936413,-3.319515,8.06959364130222e-06
K16Sn4Te16,-3.1799723307291665,-3.179975,-2.6692708336994997e-06
K16Te16Ti4,-3.7622773912217884,-3.764132,-0.0018546087782116416
K16Te16Zr4,-3.8817401462131076,-3.881655,8.514621310773407e-05
K20P12Si4,-3.427705340915256,-3.427752,-4.665908474388303e-05
K20P12Zr4,-3.9185977511935763,-3.892921,0.025676751193576486
K4P4Pt4,-4.803094228108724,-4.824315,-0.02122077189127669
K4Pt10S12,-5.039722149188702,-5.011463,0.02825914918870165
K4Sc12Se20,-5.856953938802083,-5.856803,0.00015093880208283394
K4Sc12Te20,-5.223996056450738,-5.196881,0.02711505645073764
K4Se6Tl8,-3.075464884440104,-3.086532,-0.011067115559896035
K8PbTe6,-2.9974085489908853,-2.971437,0.025971548990885385
K8S8Ti2,-4.542274475097656,-4.537732,0.004542475097656151
La12P4S12,-6.6840635027204245,-6.6841,-3.6497279575442576e-05
La2P6Sr6,-4.952979496547154,-4.953004,-2.4503452846325047e-05
La4PdSe7,-5.8725941975911455,-5.872593,1.1975911453632193e-06
La4PdTe7,-5.339078267415364,-5.340982,-0.001903732584636053
La4PtSe7,-5.954367319742839,-5.860444,0.09392331974283863
La4PtTe7,-5.4173533121744795,-5.419106,-0.0017526878255207379
La4Sc4Te12,-5.558016204833985,-5.558156,-0.00013979516601558828
La6Sb2Te6,-5.577069963727679,-5.578722,-0.0016520362723211335
La8Se20Si4,-5.539697170257568,-5.505114,0.03458317025756852
Li14P8Ta2,-4.630549430847168,-4.612147,0.01840243084716775
Li16S12Si2,-4.266221110026041,-4.248882,0.017339110026041382
Li16Se16Si4,-4.026438395182292,-4.028946,-0.0025076048177083976
Li4Pd6Se8,-4.3350982666015625,-4.255239,0.07985926660156206
Li4S6Ti2,-5.356329600016276,-5.3574,-0.0010703999837238243
Mg2Rb12S8,-3.3056040677157315,-3.305624,-1.9932284268442402e-05
Mg2Rb12Se8,-3.091552734375,-3.091545,7.734375000012506e-06
Mg2Rb12Te8,-2.8489676388827236,-2.848981,-1.3361117276566858e-05
Mg6Rb4Te8,-3.142531500922309,-3.142907,-0.0003754990776911882
MnNb2S6,-6.8574807908799915,-6.851139,0.006341790879991649
MnP2S7,-5.1756938934326175,-5.175467,0.00022689343261728112
MnP2Se6,-4.739285786946614,-4.739881,-0.0005952130533852795
MnP2Te6,-4.301784091525608,-4.301978,-0.00019390847439204606
MnRh4Te8,-5.279050973745493,-5.247241,0.0318099737454931
MnSe4Zn3,-4.000146865844727,-4.000147,-1.341552735567575e-07
Mn2Rb12Se8,-3.6442149769176138,-3.64422,-5.023082386035327e-06
Mn2Rb12Te8,-3.4040034901012075,-3.40402,-1.650989879253828e-05
Mn3S4Se2,-6.181488884819879,-6.183811,-0.00232211518012182
Mn6S8Tl4,-5.840901268853082,-5.8534,-0.012498731146918018
Mn8Ni12Te20,-5.359595489501953,-5.327418,0.03217748950195354
MoP4W,-8.026586532592773,-8.026585,1.5325927726905775e-06
Mo2Na12P8,-4.0816709345037285,-4.081673,-2.065496271796974e-06
Mo6Sb12Te2,-6.097574615478516,-6.08774,0.009834615478515829
Mo8S8Te16,-5.699943542480469,-5.613139,0.08680454248046843
Na10Se8Tl2,-3.181181526184082,-3.181198,-1.6473815918072177e-05
Na12S12Tl4,-3.474175589425223,-3.466219,0.007956589425222926
Na12S14Si4,-4.244320170084635,-4.227379,0.01694117008463536
Na12S14Ti4,-4.757257080078125,-4.751008,0.006249080078124969
Na12Se12Tl4,-3.1974945068359375,-3.192111,0.005383506835937357
Na14Nb2P8,-3.8727137247721353,-3.878728,-0.006014275227864907
Na16P8Si2,-3.292979900653546,-3.292975,4.900653545636402e-06
Na16P8Sn2,-3.1471827580378604,-3.133065,0.014117758037860195
Na16P8Zr2,-3.636143317589393,-3.649448,-0.013304682410606894
Na4Pd10S12,-4.637961754432092,-4.601163,0.03679875443209202
Na4Pt10S12,-5.0370354285606975,-4.930872,0.1061634285606976
Na4S14Sn6,-4.236169497172038,-4.196813,0.039356497172038374
Na8Si8Te20,-3.6230040656195746,-3.593163,0.029841065619574447
Nb2P8Rb14,-3.5730568567911782,-3.573088,-3.114320882158239e-05
Nb4Ni6Se16,-5.634730412409856,-5.560729,0.07400141240985558
Nb4Pd6Te16,-5.102313701923077,-5.041336,0.06097770192307639
Nb4Pt6S16,-6.228900029109075,-6.130734,0.09816602910907424
Nb4Pt6Se16,-5.746600811298077,-5.652541,0.09405981129807639
Nb4Rh4Te16,-5.45387077331543,-5.451864,0.002006773315430088
Nb6S12Sb2,-6.872830200195312,-6.854552,0.018278200195312344
Ni6S16V4,-5.89587637094351,-5.837739,0.058137370943510014
Ni6Se16V4,-5.391896761380709,-5.325393,0.06650376138070868
OsRu3Se8,-5.942571640014648,-5.942572,-3.599853517499696e-07
Os2Re2Se8,-6.579987208048503,-6.577409,0.002578208048502617
Os3RuS8,-6.738709767659505,-6.738705,4.767659504523181e-06
Os3RuSe8,-6.145688374837239,-6.145689,-6.251627606701504e-07
P12Pb2Pt8,-6.110952203924006,-6.110946,6.203924005632189e-06
P12Sc4Sr12,-5.136264256068638,-5.136302,-3.7743931361688965e-05
PRh3Se7,-5.144950866699219,-4.993335,0.15161586669921867
P4Pt4Rb4,-4.755364735921224,-4.759417,-0.004052264078776346
P4Rb4Ti2,-4.767161560058594,-4.767206,-4.4439941405904904e-05
P4Re2Ru,-8.408699035644531,-8.390924,0.0177750356445312
P4S2Sr8,-4.46721076965332,-4.390813,0.07639776965332068
P8Rb12W2,-4.040979905561968,-4.040991,-1.1094438032266396e-05
P8Rb14Ta2,-3.7261412938435874,-3.726193,-5.1706156412478776e-05
PbSe2Sr,-4.411168098449707,-4.411168,9.844970705330525e-08
Pb2Rb12S8,-3.3178482055664062,-3.317878,-2.9794433593632874e-05
Pb2Rb12Te8,-2.923775412819602,-2.923765,1.041281960212359e-05
Pb4Rb16Se16,-3.3152027130126953,-3.315243,-4.0286987304849475e-05
Pb6S8Zr,-4.994204711914063,-4.977189,0.017015711914062592
PdRh2Te4,-5.025841304234096,-5.025844,-2.695765903837355e-06
Pd6S16Ta4,-6.2741558368389425,-6.195178,0.07897783683894222
Pd6Se16V4,-5.2561809833233175,-5.199615,0.05656598332331786
Pd6Ta4Te16,-5.335185124323918,-5.271807,0.06337812432391843
Pt3Se8Sn,-4.54434331258138,-4.55529,-0.010946687418620371
Pt5S2Se8,-4.805318196614583,-4.733794,0.07152419661458342
Pt5S2Te8,-4.609892781575521,-4.569656,0.04023678157552091
Pt5Se2Te8,-4.5596160888671875,-4.543269,0.016347088867187942
Pt6Se16V4,-5.469935490534856,-5.376617,0.09331849053485541
Rb12S14Si4,-4.169145711263021,-4.170572,-0.001426288736978698
Rb12Se14Si4,-3.7605941772460936,-3.769881,-0.009286822753906243
Rb16Se16Sn4,-3.4602432250976562,-3.460253,-9.774902343551162e-06
Rb16Se16Ti4,-4.118477715386285,-4.118449,2.871538628479442e-05
Rb16Se16Zr4,-4.236300150553386,-4.236313,-1.2849446614282556e-05
Rb16Si4Te16,-3.2631729973687067,-3.261956,0.0012169973687066182
Rb16Sn4Te16,-3.1332995096842446,-3.120808,0.01249150968424484
Rb16Te16Ti4,-3.7078649732801647,-3.70789,-2.5026719835175015e-05
Rb16Te16Zr4,-3.8320244683159723,-3.832052,-2.7531684027692904e-05
Rb2S10Sc6,-6.373182508680555,-6.371585,0.0015975086805557481
Rb2Se6Ta2,-5.6100715637207035,-5.603867,0.006204563720703327
Rb4S10Sn4,-4.154186672634548,-4.15418,6.672634548010592e-06
Rb4S20Y12,-6.556422763400608,-6.514641,0.04178176340060791
Rb4Sc12Se20,-5.843668195936415,-5.807226,0.036442195936414734
Rb4Sc12Te20,-5.214796278211805,-5.209037,0.005759278211804997
Rb4Se20Y12,-6.044844733344184,-6.03412,0.010724733344184223
Rb4Te20Y12,-5.430672539605035,-5.419848,0.010824539605034822
Rb8S8Ti2,-4.4620107014973955,-4.462876,-0.0008652985026040838
Rb8S8Zr2,-4.588194105360243,-4.588468,-0.00027389463975691086
Rb8Si8Te20,-3.6528528001573353,-3.614961,0.037891800157335176
Re4S3Se5,-7.105847676595052,-7.097148,0.008699676595051997
RhS4Sb,-4.976085980733235,-4.976657,-0.0005710192667649494
Rh4S10Si2,-5.614230632781982,-5.506484,0.10774663278198204
Rh4S10Sn2,-5.355371475219727,-5.29477,0.06060147521972681
Rh4Se10Si2,-5.164482116699219,-5.06303,0.10145211669921839
Rh4Se10Sn2,-4.963447570800781,-4.882047,0.08140057080078122
Rh4Se16Ta4,-6.203031539916992,-6.175124,0.027907539916991908
Rh4Si2Te10,-4.8354692459106445,-4.673931,0.16153824591064492
Rh4SnTe7,-5.0583343505859375,-5.068804,-0.010469649414062587
Rh4Te16V4,-5.216531117757161,-5.218412,-0.0018808822428386662
RuS6Ta2,-7.330410427517361,-7.300329,0.030081427517361092
RuS6V2,-6.582662794325087,-6.573601,0.00906179432508658
RuSe6Ta2,-6.708858066134983,-6.68819,0.0206680661349834
S10Sc6Tl2,-6.346609327528212,-6.346613,-3.6724717880076696e-06
S16Sr6Ta4,-6.273218008188101,-6.240763,0.03245500818810054
S2SeY2,-6.96053466796875,-6.909994,0.05054066796874945
S8Sr6Zr,-5.473824055989583,-5.433699,0.04012505598958338
Sb4Sr8Te2,-3.84130859375,-3.770782,0.07052659374999992
Sc6Se10Tl2,-5.8199950324164496,-5.768563,0.051432032416449225
Se16Si4Sn8,-4.36688368661063,-4.349164,0.01771968661063017
Se16Sn6Tl8,-3.6866002400716145,-3.677269,0.009331240071614566
Se4Sn5Te,-4.106324005126953,-4.096284,0.010040005126953133
Te12Tl12Zr3,-3.9019238507306135,-3.867297,0.034626850730613334
Te16Ti4Tl16,-3.7594918145073786,-3.757316,0.0021758145073786928
